"player_id","player_team","position_name","now_cost","avg_points","avg_minutes","avg_ict","avg_influence","avg_xG","avg_xA","avg_xGChain","diff_opponent","full_name","web_name","team_name","team_strength","position","short_name"
1,"Cresswell | WHU","Defender",5,3.56,77.4133333333333,3.892,16.3466666666667,0.897948564961553,5.530764691066,10.5819899211638,3.375,"Aaron Cresswell","Cresswell","West Ham",3,"DEF","WHU"
2,"Ramsdale | ARS","Goalkeeper",5,3.45945945945946,86.3513513513514,2.29324324324324,22.6054054054054,0,0.0388358132913709,3.4477480109781,2.875,"Aaron Ramsdale","Ramsdale","Arsenal",4,"GK","ARS"
3,"Wan-Bissaka | MUN","Defender",4.5,2.43421052631579,63.8552631578947,2.86052631578947,15.2263157894737,0.610181940719485,1.73454214725643,8.67351627908647,3.25,"Aaron Wan-Bissaka","Wan-Bissaka","Man Utd",4,"DEF","MUN"
4,"Doucouré | EVE","Midfielder",5.5,2.25675675675676,64.8513513513514,2.90405405405405,12.0162162162162,2.51169922901317,2.40387123799883,9.34189147036523,3.25,"Abdoulaye Doucouré","Doucouré","Everton",3,"MID","EVE"
5,"A.Armstrong | SOU","Forward",5.5,1.54054054054054,38.0810810810811,2.46756756756757,4.84324324324324,4.23808200657368,1.6246238425374,6.2176018729806,3.25,"Adam Armstrong","A.Armstrong","Southampton",3,"FWD","SOU"
6,"Forshaw | LEE","Midfielder",4.5,0.506666666666666,20.3466666666666,0.710666666666666,2.896,0.484244789928198,1.04074372909963,6.19152456149459,3.125,"Adam Forshaw","Forshaw","Leeds",2,"MID","LEE"
7,"Lallana | BHA","Midfielder",5,1.34666666666667,41.6933333333333,1.936,6.18666666666667,1.247209796682,1.78027078043669,7.70394761674106,2.75,"Adam Lallana","Lallana","Brighton",3,"MID","BHA"
8,"Smith | BOU","Defender",4.5,NA,NA,NA,NA,NA,NA,NA,3.5,"Adam Smith","Smith","Bournemouth",2,NA,"BOU"
9,"Webster | BHA","Defender",4.5,1.90666666666667,53.2666666666667,1.848,11.7706666666667,1.37981643434614,0.145060765556991,5.44701861590147,2.75,"Adam Webster","Webster","Brighton",3,"DEF","BHA"
10,"Adama | WOL","Midfielder",5.5,1.84,49.4533333333333,3.51733333333333,8.89866666666667,2.45519694406539,3.30438478430733,7.11629376607016,3.25,"Adama Traoré Diarra","Adama","Wolves",3,"MID","WOL"
11,"Adrián | LIV","Goalkeeper",4,0.146666666666667,3.6,0.0786666666666665,0.794666666666667,0,0,0.397439435124397,3,"Adrián San Miguel del Castillo","Adrián","Liverpool",5,"GK","LIV"
12,"Maitland-Niles | ARS","Midfielder",5,1.06666666666667,26.36,0.774666666666666,3.47733333333333,0.412955587729812,0.524676977656782,3.30226722732186,2.875,"Ainsley Maitland-Niles","Maitland-Niles","Arsenal",4,"DEF","ARS"
13,"Sambi | ARS","Midfielder",4.5,0.864864864864865,30.5135135135135,1.4027027027027,4.91351351351351,0.585318241268396,0.83542887493968,5.44786298461258,2.875,"Albert Sambi Lokonga","Sambi","Arsenal",4,"MID","ARS"
14,"Mitrović | FUL","Forward",6.5,NA,NA,NA,NA,NA,NA,NA,3.5,"Aleksandar Mitrović","Mitrović","Fulham",2,NA,"FUL"
15,"Iwobi | EVE","Midfielder",5.5,1.87837837837838,45.6621621621622,2.57162162162162,8.0972972972973,1.62333642970771,2.61051442287862,8.32644492853433,3.25,"Alex Iwobi","Iwobi","Everton",3,"MID","EVE"
16,"McCarthy | SOU","Goalkeeper",4.5,1.96,55.2,1.40933333333333,13.96,0,0.0117045510560274,2.38616702333093,3.25,"Alex McCarthy","McCarthy","Southampton",3,"GK","SOU"
17,"Mighten | NFO","Midfielder",5,NA,NA,NA,NA,NA,NA,NA,3,"Alex Mighten","Mighten","Nott'm Forest",2,NA,"NFO"
18,"Chamberlain | LIV","Midfielder",5,0.84,13.6,0.948,3.11466666666667,0.740802656859159,0.78403614833951,3.32082758564502,3,"Alex Oxlade-Chamberlain","Chamberlain","Liverpool",5,"MID","LIV"
19,"Telles | MUN","Defender",5,1.26027397260274,32.1506849315069,1.8027397260274,7.54794520547945,0.298374456819147,1.47598985908553,5.57048302143812,3.25,"Alex Telles","Telles","Man Utd",4,"DEF","MUN"
20,"Mac Allister | BHA","Midfielder",5.5,1.85333333333333,41.7333333333333,2.69066666666667,8.71466666666667,4.09285839647055,1.99827799992636,8.25891678780317,2.75,"Alexis Mac Allister","Mac Allister","Brighton",3,"MID","BHA"
21,"Devine | TOT","Midfielder",4.5,NA,NA,NA,NA,NA,NA,NA,3.125,"Alfie Devine","Devine","Spurs",4,NA,"TOT"
22,"Alisson | LIV","Goalkeeper",5.5,4.18666666666667,81.6,1.976,19.3973333333333,0.0538408793509007,0.06403399258852,6.52677815128118,3,"Alisson Ramses Becker","Alisson","Liverpool",5,"GK","LIV"
23,"Allan | EVE","Midfielder",5,1.41891891891892,57.1756756756757,1.82162162162162,10.2432432432432,0.241350049618632,0.711898127105087,7.45962783694267,3.25,"Allan Marques Loureiro","Allan","Everton",3,"MID","EVE"
24,"Saint-Maximin | NEW","Midfielder",6.5,2.65333333333333,57.0933333333333,4.27066666666667,12.264,4.24479472730309,4.63718387158588,12.4862552192062,3.25,"Allan Saint-Maximin","Saint-Maximin","Newcastle",3,"FWD","NEW"
25,"Areola | WHU","Goalkeeper",4.5,1.68,44.4,1.192,11.9546666666667,0,0,1.7776652071625,3.375,"Alphonse Areola","Areola","West Ham",3,"GK","WHU"
26,"André Gomes | EVE","Midfielder",4.5,0.851351351351352,27.7972972972973,1.09864864864865,3.60540540540541,0.70854898635298,0.605443528387696,3.51415629545227,3.25,"André Tavares Gomes","André Gomes","Everton",3,"MID","EVE"
27,"Andreas | MUN","Midfielder",4.5,0,0,0,0,NA,NA,NA,3.25,"Andreas Hoelgebaum Pereira","Andreas","Man Utd",4,"MID","MUN"
28,"Robertson | LIV","Defender",7,4.62666666666667,78.9466666666667,5.492,18.8613333333333,1.85456137824804,6.70901268254966,19.2445688229054,3,"Andrew Robertson","Robertson","Liverpool",5,"DEF","LIV"
29,"Townsend | EVE","Midfielder",5.5,2.16216216216216,50.027027027027,3.45945945945946,11.6621621621622,2.367292271927,3.49780543893576,6.29001574963331,3.25,"Andros Townsend","Townsend","Everton",3,"MID","EVE"
30,"Ogbonna | WHU","Defender",4.5,1.86666666666667,45.5066666666667,1.37466666666667,8.75733333333334,1.15389680629596,0.214235373772681,2.50703062396497,3.375,"Angelo Ogbonna","Ogbonna","West Ham",3,"DEF","WHU"
31,"Elanga | MUN","Midfielder",5,1.62790697674419,31.6976744186046,1.78139534883721,5.84651162790698,1.76651286240667,0.977134693413973,3.40579599514604,3.25,"Anthony Elanga","Elanga","Man Utd",4,"MID","MUN"
32,"Gordon | EVE","Midfielder",5.5,1.33783783783784,30.1756756756757,2.07027027027027,6.10810810810811,1.73015700932592,1.89801418222487,4.07901837397367,3.25,"Anthony Gordon","Gordon","Everton",3,"MID","EVE"
33,"Knockaert | FUL","Midfielder",5,NA,NA,NA,NA,NA,NA,NA,3.5,"Anthony Knockaert","Knockaert","Fulham",2,NA,"FUL"
34,"Martial | MUN","Forward",7,1.17105263157895,22.1578947368421,1.86052631578947,4.44736842105263,4.28696414735168,1.30990148009732,7.21671208366752,3.25,"Anthony Martial","Martial","Man Utd",4,"FWD","MUN"
35,"Robinson | FUL","Defender",4.5,NA,NA,NA,NA,NA,NA,NA,3.5,"Antonee Robinson","Robinson","Fulham",2,NA,"FUL"
36,"El Ghazi | AVL","Midfielder",5,1.77333333333333,26.6133333333333,2.52666666666667,7.66666666666667,5.00827001174912,1.07268711831421,4.22762864781544,3.25,"Anwar El Ghazi","El Ghazi","Aston Villa",3,"MID","AVL"
37,"Broja | CHE","Forward",5.5,2.43243243243243,51.027027027027,3.08378378378378,7.36216216216216,5.89373021014035,1.46065682172775,8.27890140749514,3.125,"Armando Broja","Broja","Chelsea",4,"FWD","CHE"
38,"Bella-Kotchap | SOU","Defender",4.5,NA,NA,NA,NA,NA,NA,NA,3.25,"Armel Bella-Kotchap","Bella-Kotchap","Southampton",3,NA,"SOU"
39,"Masuaku | WHU","Defender",4.5,0.946666666666667,22.0133333333333,0.966666666666667,4.87466666666667,0.247990980278701,1.67716285213828,2.87810692377388,3.375,"Arthur Masuaku","Masuaku","West Ham",3,"DEF","WHU"
40,"Begović | EVE","Goalkeeper",4,NA,NA,NA,NA,0,0,0,3.25,"Asmir Begović","Begović","Everton",3,"#N/A","EVE"
41,"Laporte | MCI","Defender",6,2.89333333333333,54.44,2.02533333333333,11.4053333333333,2.64843934262171,0.594761054031551,12.4406329002231,2.875,"Aymeric Laporte","Laporte","Man City",5,"DEF","MCI"
42,"Pérez | LEI","Midfielder",5,1.24324324324324,23.6216216216216,1.93243243243243,4.81081081081081,3.04728003032506,1.23818794824183,6.43166272435337,3.5,"Ayoze Pérez","Pérez","Leicester",3,"MID","LEI"
43,"Chilwell | CHE","Defender",6,2.58666666666667,37.6933333333333,2.7,9.608,2.14160822611302,1.64434639830142,7.89716637507081,3.125,"Ben Chilwell","Chilwell","Chelsea",4,"DEF","CHE"
44,"Davies | LIV","Defender",4,NA,NA,NA,NA,NA,NA,NA,3,"Ben Davies","Davies","Liverpool",5,NA,"LIV"
45,"Davies | TOT","Defender",5,1.17054263565891,29.3565891472868,1.03255813953488,5.45581395348837,1.33690173411742,0.541792039759457,8.08900891523808,3.125,"Ben Davies","Davies","Spurs",4,"DEF","TOT"
46,"Godfrey | EVE","Defender",4.5,2.07142857142857,67.3142857142857,2.36142857142857,14.6628571428571,1.04718800308183,0.842739132698625,4.16305121220648,3.25,"Ben Godfrey","Godfrey","Everton",3,"DEF","EVE"
47,"Johnson | WHU","Defender",4.5,0.96,25.4933333333333,0.949333333333333,5.40266666666667,0.316462578717619,0.470616253092885,2.76099612936378,3.375,"Ben Johnson","Johnson","West Ham",3,"DEF","WHU"
48,"Pearson | BOU","Midfielder",4.5,NA,NA,NA,NA,NA,NA,NA,3.5,"Ben Pearson","Pearson","Bournemouth",2,NA,"BOU"
49,"White | ARS","Defender",4.5,2.84,79.76,2.24533333333333,14.0533333333333,0.583476642146707,1.06770516978577,9.17482381127775,2.875,"Benjamin White","White","Arsenal",4,"DEF","ARS"
50,"Bernardo | MCI","Midfielder",7,3.29333333333333,64.3866666666667,5.06533333333333,14.88,5.68539533112198,5.69526303187013,21.5483208121732,2.875,"Bernardo Veiga de Carvalho e Silva","Bernardo","Man City",5,"MID","MCI"
51,"Leno | ARS","Goalkeeper",4.5,1.88,46.5466666666667,1.05066666666667,10.496,0,0,2.25799220614135,2.875,"Bernd Leno","Leno","Arsenal",4,"GK","ARS"
52,"Traoré | AVL","Midfielder",5,2.01369863013699,34.1643835616438,2.82876712328767,7.44931506849315,3.28388783894479,2.28549386095256,5.24062157934532,3.25,"Bertrand Traoré","Traoré","Aston Villa",3,"MID","AVL"
53,"Gilmour | CHE","Midfielder",4.5,0.733333333333333,27.3333333333333,1.28666666666667,4.19733333333333,0.445547592360526,0.586958014871925,2.48773658275604,3.125,"Billy Gilmour","Gilmour","Chelsea",4,"MID","CHE"
54,"De Cordova-Reid | FUL","Midfielder",5.5,NA,NA,NA,NA,NA,NA,NA,3.5,"Bobby De Cordova-Reid","De Cordova-Reid","Fulham",2,NA,"FUL"
55,"Kamara | AVL","Midfielder",5,NA,NA,NA,NA,NA,NA,NA,3.25,"Boubacar Kamara","Kamara","Aston Villa",3,NA,"AVL"
56,"Soumaré | LEI","Midfielder",4.5,1,30.4166666666667,0.780555555555556,3.96111111111111,0.329837160184979,0.285683274269104,3.3709954759106,3.5,"Boubakary Soumaré","Soumaré","Leicester",3,"MID","LEI"
57,"Ojeda | NFO","Midfielder",4.5,NA,NA,NA,NA,NA,NA,NA,3,"Braian Ojeda Rodríguez","Ojeda","Nott'm Forest",2,NA,"NFO"
58,"Austin | TOT","Goalkeeper",4,NA,NA,NA,NA,NA,NA,NA,3.125,"Brandon Austin","Austin","Spurs",4,NA,"TOT"
59,"B.Williams | MUN","Defender",4,0.546666666666667,30.7466666666667,1.08,5.30133333333333,0.212378583848476,0.976427992805839,2.68114223890007,3.25,"Brandon Williams","B.Williams","Man Utd",4,"DEF","MUN"
60,"Aaronson | LEE","Midfielder",5.5,NA,NA,NA,NA,NA,NA,NA,3.125,"Brenden Aaronson","Aaronson","Leeds",2,NA,"LEE"
61,"Johnson | NFO","Forward",6,NA,NA,NA,NA,NA,NA,NA,3,"Brennan Johnson","Johnson","Nott'm Forest",2,NA,"NFO"
62,"Samba | NFO","Goalkeeper",4.5,NA,NA,NA,NA,NA,NA,NA,3,"Brice Samba","Samba","Nott'm Forest",2,NA,"NFO"
63,"Fernandes | MUN","Midfielder",10,5.19736842105263,81.7236842105263,9.20394736842105,28.8631578947368,12.6523816487752,10.1434245952405,24.9490666082129,3.25,"Bruno Borges Fernandes","Fernandes","Man Utd",4,"MID","MUN"
64,"Bruno Guimarães | NEW","Midfielder",6,3.5,58.8125,4.775,20.55,4.09319747705013,1.742860048078,5.31641031987965,3.25,"Bruno Guimarães Rodriguez Moura","Bruno Guimarães","Newcastle",3,"MID","NEW"
65,"Mbeumo | BRE","Forward",6,3.16216216216216,76.0810810810811,4.98378378378378,11.7945945945946,9.80526270717382,3.95722126588225,17.7869256380945,3,"Bryan Mbeumo","Mbeumo","Brentford",3,"MID","BRE"
66,"Saka | ARS","Midfielder",8,3.88,72.56,6.91466666666667,16.8266666666667,8.53754079621285,6.07158577209339,18.8711820496246,2.875,"Bukayo Saka","Saka","Arsenal",4,"MID","ARS"
67,"Söyüncü | LEI","Defender",4.5,1.68918918918919,58.2837837837838,1.94459459459459,13.6486486486486,0.773646272718906,0.207173304632306,6.64982801117003,3.5,"Çaglar Söyüncü","Söyüncü","Leicester",3,"DEF","LEI"
68,"Hudson-Odoi | CHE","Midfielder",5.5,1.44,26.7733333333333,2.568,6.22933333333333,2.0727073289454,2.87156727630645,7.37745518423617,3.125,"Callum Hudson-Odoi","Hudson-Odoi","Chelsea",4,"MID","CHE"
69,"Wilson | NEW","Forward",7.5,2.76,45.0266666666667,3.05733333333333,10.7493333333333,10.3159425207414,1.78825843334198,9.63443841133267,3.25,"Callum Wilson","Wilson","Newcastle",3,"FWD","NEW"
70,"Chambers | AVL","Defender",4.5,1.01351351351351,21.8918918918919,0.927027027027027,4.81621621621622,0.314803622663021,0.609848568215966,3.20859803818166,3.25,"Calum Chambers","Chambers","Aston Villa",3,"DEF","AVL"
71,"Ramsay | LIV","Defender",4,NA,NA,NA,NA,NA,NA,NA,3,"Calvin Ramsay","Ramsay","Liverpool",5,NA,"LIV"
72,"Archer | AVL","Forward",4.5,0.0882352941176471,0.705882352941177,0.0470588235294117,0,0.0282422751188278,0,0.0597287677228451,3.25,"Cameron Archer","Archer","Aston Villa",3,"FWD","AVL"
73,"Kelleher | LIV","Goalkeeper",4,0.25,5,0.144444444444444,1.44444444444444,0,0,0.390303194522858,3,"Caoimhin Kelleher","Kelleher","Liverpool",5,"GK","LIV"
74,"Cafú | NFO","Midfielder",4.5,NA,NA,NA,NA,NA,NA,NA,3,"Carlos Ribeiro Dias","Cafú","Nott'm Forest",2,NA,"NFO"
75,"Chukwuemeka | AVL","Midfielder",4.5,0.326923076923077,4.86538461538462,0.290384615384615,0.826923076923077,0.341466763988137,0.493889443576336,1.12715160753578,3.25,"Carney Chukwuemeka","Chukwuemeka","Aston Villa",3,"MID","AVL"
76,"Cédric | ARS","Defender",4.5,1.01333333333333,28.9866666666667,1.21733333333333,4.68,0.346613067667931,1.20607564132661,4.34284714329988,2.875,"Cédric Alves Soares","Cédric","Arsenal",4,"DEF","ARS"
77,"Azpilicueta | CHE","Defender",5,2.65333333333333,56.48,2.70933333333333,12.5973333333333,0.882285055704415,2.32562829880044,13.388694550842,3.125,"César Azpilicueta","Azpilicueta","Chelsea",4,"DEF","CHE"
78,"Goode | BRE","Defender",4,0.27027027027027,12.1081081081081,0.432432432432432,1.48108108108108,0.0859933122992516,1.0358262360096,1.1973674595356,3,"Charlie Goode","Goode","Brentford",3,"DEF","BRE"
79,"Adams | SOU","Forward",6.5,3.18666666666667,62.5066666666667,4.79466666666667,13.4346666666667,10.2040093261749,4.03684676159173,12.3939308151603,3.25,"Che Adams","Adams","Southampton",3,"FWD","SOU"
80,"Mepham | BOU","Defender",4.5,NA,NA,NA,NA,NA,NA,NA,3.5,"Chris Mepham","Mepham","Bournemouth",2,NA,"BOU"
81,"Wood | NEW","Forward",6,3.13698630136986,74.4520547945205,4.57671232876712,11.8684931506849,10.5838026423007,1.70205909339711,11.1787950322032,3.25,"Chris Wood","Wood","Newcastle",3,"FWD","NEW"
82,"Benteke | CRY","Forward",5.5,2.18918918918919,39.445945945946,3.6527027027027,10.2810810810811,6.08838430140167,1.18140229629353,7.5350976837799,3.75,"Christian Benteke","Benteke","Crystal Palace",3,"FWD","CRY"
83,"Nørgaard | BRE","Midfielder",5.5,2.62162162162162,80.1081081081081,4,17.8540540540541,4.96903985273093,4.04776887968183,13.346251248382,3,"Christian Nørgaard","Nørgaard","Brentford",3,"MID","BRE"
84,"Pulisic | CHE","Midfielder",6,2.09333333333333,39.2266666666667,3.21866666666667,9.05333333333333,6.4352450966835,2.0272602783516,11.7257936289534,3.125,"Christian Pulisic","Pulisic","Chelsea",4,"MID","CHE"
85,"Clark | NEW","Defender",4.5,0.8,38.6933333333333,1.16,7.89066666666667,0.836195648647845,0.170435113366693,2.31235293159261,3.25,"Ciaran Clark","Clark","Newcastle",3,"DEF","NEW"
86,"Palmer | MCI","Midfielder",4.5,0.121621621621622,1.63513513513513,0.137837837837838,0.148648648648649,0.280721366405487,0.44644495844841,2.00962775945663,2.875,"Cole Palmer","Palmer","Man City",5,"MID","MCI"
87,"Coady | WOL","Defender",5,3.24,88.2533333333333,2.37866666666667,18.8666666666667,1.88575236918405,0.137280120979995,5.19597613951191,3.25,"Conor Coady","Coady","Wolves",3,"DEF","WOL"
88,"Gallagher | CHE","Midfielder",6,2.90277777777778,73.1527777777778,4.06111111111111,15.1777777777778,4.60764191206545,2.78072819858789,9.63576025888324,3.125,"Conor Gallagher","Gallagher","Chelsea",4,"MID","CHE"
89,"Dawson | WHU","Defender",5,2.30985915492958,64.6056338028169,2.51830985915493,15.4028169014085,2.83922783308662,0.548702839761972,4.01114566950127,3.375,"Craig Dawson","Dawson","West Ham",3,"DEF","WHU"
90,"Romero | TOT","Defender",5,1.7027027027027,49.8378378378378,1.88918918918919,13.4810810810811,0.411476094275713,0.377722984179854,9.46302313730121,3.125,"Cristian Romero","Romero","Spurs",4,"DEF","TOT"
91,"Ronaldo | MUN","Forward",10.5,4.54285714285714,70.1142857142857,7.84571428571429,22.8685714285714,17.212839871645,4.42496612668037,23.2537129074335,3.25,"Cristiano Ronaldo dos Santos Aveiro","Ronaldo","Man Utd",4,"FWD","MUN"
92,"Summerville | LEE","Midfielder",4.5,0.13953488372093,2.93023255813953,0.2,0.432558139534884,0.322391223162413,0.048554228618741,0.41452107578516,3.125,"Crysencio Summerville","Summerville","Leeds",2,"MID","LEE"
93,"Jones | LIV","Midfielder",5,1.17333333333333,25.7066666666667,1.616,4.928,1.29350238246843,1.09953338652849,6.04181206133217,3,"Curtis Jones","Jones","Liverpool",5,"MID","LIV"
94,"Burn | NEW","Defender",4.5,1.97368421052632,58.2631578947368,2.20526315789474,12.3684210526316,1.3448525541462,1.21551061188802,3.97434668056667,3.25,"Dan Burn","Burn","Newcastle",3,"DEF","NEW"
95,"Scarlett | TOT","Forward",4.5,0.037037037037037,0.0740740740740741,0.00185185185185185,0.0185185185185185,0,0,0,3.125,"Dane Scarlett","Scarlett","Spurs",4,"FWD","TOT"
96,"Amartey | LEI","Defender",4.5,0.959459459459459,36.6621621621621,0.997297297297297,7.81081081081081,0.282513462938368,0.122550338506699,3.41835286747664,3.5,"Daniel Amartey","Amartey","Leicester",3,"DEF","LEI"
97,"Podence | WOL","Midfielder",5.5,1.92,41.6133333333333,3.09866666666667,8.128,2.37059811968356,3.04265674483031,6.45151566714048,3.25,"Daniel Castelo Podence","Podence","Wolves",3,"MID","WOL"
98,"James | LEE","Midfielder",6,1.78666666666667,45.28,2.79466666666667,6.96533333333333,5.01151578128338,2.80340778362006,8.77475190348923,3.125,"Daniel James","James","Leeds",2,"MID","LEE"
99,"Ings | AVL","Forward",7,3.16216216216216,53.7972972972973,4.25945945945946,14.6081081081081,7.56161773204803,1.87784959981218,9.24082595482469,3.25,"Danny Ings","Ings","Aston Villa",3,"FWD","AVL"
100,"Ward | LEI","Goalkeeper",4,0,0,0,0,0,0,0.712315738201141,3.5,"Danny Ward","Ward","Leicester",3,"GK","LEI"
101,"Welbeck | BHA","Forward",6.5,2.44285714285714,41.7142857142857,3,8.31714285714286,7.83280738629401,2.06316221295856,10.787342249183,2.75,"Danny Welbeck","Welbeck","Brighton",3,"FWD","BHA"
102,"Gyabi | LEE","Midfielder",4.5,0.133333333333333,3.6,0.0626666666666667,0.616,0,0,0.275161921977997,3.125,"Darko Gyabi","Gyabi","Leeds",2,"GK","LEE"
103,"Darwin | LIV","Forward",9,NA,NA,NA,NA,NA,NA,NA,3,"Darwin Núñez Ribeiro","Darwin","Liverpool",5,NA,"LIV"
104,"Brooks | BOU","Midfielder",5.5,NA,NA,NA,NA,NA,NA,NA,3.5,"David Brooks","Brooks","Bournemouth",2,NA,"BOU"
105,"De Gea | MUN","Goalkeeper",5,2.93421052631579,75.1973684210526,1.85,18.5710526315789,0,0,2.73267041286454,3.25,"David De Gea Quintana","De Gea","Man Utd",4,"GK","MUN"
106,"Raya | BRE","Goalkeeper",4.5,2.51351351351351,55.945945945946,1.50540540540541,14.8540540540541,0,0.040995966643095,4.12081510201097,3,"David Raya Martin","Raya","Brentford",3,"GK","BRE"
107,"Sánchez | TOT","Defender",4.5,1.65333333333333,40.2933333333333,1.46133333333333,9.39733333333333,1.40247071906924,0.15626378916204,6.52931754197925,3.125,"Davinson Sánchez","Sánchez","Spurs",4,"DEF","TOT"
108,"Henderson | NFO","Goalkeeper",4.5,0.578947368421053,14.8026315789474,0.361842105263158,3.62368421052631,0,0,1.28117989376187,3,"Dean Henderson","Henderson","Nott'm Forest",2,"GK","NFO"
109,"Rice | WHU","Midfielder",5,2.38666666666667,79.5733333333333,3.46,16.9786666666667,2.11800851533189,1.76740043982863,13.1218763040379,3.375,"Declan Rice","Rice","West Ham",3,"MID","WHU"
110,"Kulusevski | TOT","Midfielder",8,5.8235294117647,73.4117647058823,6.28823529411765,20.3882352941176,3.02393199130893,4.14645003341138,12.6060861460865,3.125,"Dejan Kulusevski","Kulusevski","Spurs",4,"MID","TOT"
111,"Dele | EVE","Midfielder",5.5,NA,NA,NA,NA,NA,NA,NA,3.25,"Dele Alli","Dele","Everton",3,NA,"EVE"
112,"Gray | EVE","Midfielder",5.5,1.37837837837838,31.1756756756757,2.42972972972973,6.15675675675676,2.19718167744577,2.21467253472656,5.2140087923035,3.25,"Demarai Gray","Gray","Everton",3,"MID","EVE"
113,"Undav | BHA","Forward",5.5,NA,NA,NA,NA,NA,NA,NA,2.75,"Deniz Undav","Undav","Brighton",3,NA,"BHA"
114,"Diego Carlos | AVL","Defender",5,NA,NA,NA,NA,NA,NA,NA,3.25,"Diego Carlos Santos Silva","Diego Carlos","Aston Villa",3,NA,"AVL"
115,"Llorente | LEE","Defender",4.5,1.71232876712329,47.3150684931507,1.57534246575342,10.9397260273973,1.44254404422827,0.25452112685889,2.65444051288068,3.125,"Diego Llorente","Llorente","Leeds",2,"DEF","LEE"
116,"Dalot | MUN","Defender",4.5,0.710526315789474,23.6447368421053,1.06447368421053,5.31578947368421,0.660338887944818,0.84573881700635,7.87101440131664,3.25,"Diogo Dalot Teixeira","Dalot","Man Utd",4,"DEF","MUN"
117,"Diogo Jota | LIV","Forward",9,3.41333333333333,44.9733333333333,5.00933333333333,14.7386666666667,12.2028536945581,3.81855885032564,18.3756831437349,3,"Diogo Teixeira da Silva","Diogo Jota","Liverpool",5,"MID","LIV"
118,"Calvert-Lewin | EVE","Forward",8,2.86486486486487,53.6756756756757,4.25405405405405,12.2702702702703,12.2144434694201,1.88081910647452,12.9176434054971,3.25,"Dominic Calvert-Lewin","Calvert-Lewin","Everton",3,"FWD","EVE"
119,"Solanke | BOU","Forward",6,NA,NA,NA,NA,NA,NA,NA,3.5,"Dominic Solanke","Solanke","Bournemouth",2,NA,"BOU"
120,"Thompson | BRE","Defender",4,0.081081081081081,3.94594594594595,0.0621621621621621,0.427027027027027,0.0252266097813845,0,0.0520682521164417,3,"Dominic Thompson","Thompson","Brentford",3,"DEF","BRE"
121,"Van de Beek | MUN","Midfielder",5.5,0.828947368421053,13.9605263157895,0.688157894736842,3.07105263157895,0.902868419419974,0.740459320135415,3.23124335985631,3.25,"Donny van de Beek","Van de Beek","Man Utd",4,"MID","MUN"
122,"Douglas Luiz | AVL","Midfielder",5,2.12162162162162,71.8378378378378,2.74054054054054,11.7054054054054,1.76960222935304,2.43060941342264,9.92528810165823,3.25,"Douglas Luiz Soares de Paulo","Douglas Luiz","Aston Villa",3,"MID","AVL"
123,"Gayle | NEW","Forward",4.5,0.493333333333333,7.12,0.593333333333333,1.104,1.57107199728489,0.342484538909048,1.82980089308694,3.25,"Dwight Gayle","Gayle","Newcastle",3,"FWD","NEW"
124,"Eze | CRY","Midfielder",5.5,2.01351351351351,40.3648648648649,2.52297297297297,8.01621621621622,1.47561941575259,2.35565909044817,4.86752798967063,3.75,"Eberechi Eze","Eze","Crystal Palace",3,"MID","CRY"
125,"Nketiah | ARS","Forward",7,1.2,15.2533333333333,1.42933333333333,4.328,3.50788911245763,1.20378050580621,4.87732179928571,2.875,"Eddie Nketiah","Nketiah","Arsenal",4,"FWD","ARS"
126,"Ederson | MCI","Goalkeeper",5.5,4.18666666666667,86.4,1.53066666666667,15.1786666666667,0,0.151679039001465,8.79141266085207,2.875,"Ederson Santana de Moraes","Ederson","Man City",5,"GK","MCI"
127,"Mendy | CHE","Goalkeeper",5,3.67123287671233,78.2876712328767,1.41095890410959,14.1369863013699,0,0,4.93391760438681,3.125,"Edouard Mendy","Mendy","Chelsea",4,"GK","CHE"
128,"Balcombe | BRE","Goalkeeper",4,NA,NA,NA,NA,NA,NA,NA,3,"Ellery Balcombe","Balcombe","Brentford",3,NA,"BRE"
129,"Emerson Royal | TOT","Defender",5,2.82352941176471,64.5,3.38529411764706,13.1352941176471,2.02011227793992,2.45062412321568,12.576655196026,3.125,"Emerson Leite de Souza Junior","Emerson Royal","Spurs",4,"DEF","TOT"
130,"Krafth | NEW","Defender",4.5,1.28,37.76,1.08666666666667,6.61866666666667,0.190239474177361,0.736923792399466,3.85451379651204,3.25,"Emil Krafth","Krafth","Newcastle",3,"DEF","NEW"
131,"Smith Rowe | ARS","Midfielder",6,2.64,43.9333333333333,3.27733333333333,10.9706666666667,3.47800393495709,3.32781269401312,10.2061804831028,2.875,"Emile Smith Rowe","Smith Rowe","Arsenal",4,"MID","ARS"
132,"Buendía | AVL","Midfielder",6,2.75,49.3888888888889,4.1,12.1777777777778,3.05393069982529,4.65300552919507,10.5735624339432,3.25,"Emiliano Buendía Stati","Buendía","Aston Villa",3,"MID","AVL"
133,"Marcondes | BOU","Midfielder",5,NA,NA,NA,NA,NA,NA,NA,3.5,"Emiliano Marcondes","Marcondes","Bournemouth",2,NA,"BOU"
134,"Martínez | AVL","Goalkeeper",5,4.12,86.4,2.408,23.8666666666667,0,0.0614616796374321,3.10539566213265,3.25,"Emiliano Martínez Romero","Martínez","Aston Villa",3,"GK","AVL"
135,"Mwepu | BHA","Midfielder",5.5,1.56756756756757,26.7567567567568,1.56756756756757,6.53513513513513,1.99932389706373,1.58415948227048,3.61242240294814,2.75,"Enock Mwepu","Mwepu","Brighton",3,"MID","BHA"
136,"Bailly | MUN","Defender",4,0.43421052631579,14.8815789473684,0.326315789473684,2.78421052631579,0.0404112879186869,0,1.11146632954478,3.25,"Eric Bailly","Bailly","Man Utd",4,"DEF","MUN"
137,"Dier | TOT","Defender",5,2.69333333333333,73.3466666666667,2.34266666666667,16.856,1.408347312361,0.772337625501677,10.5792005816475,3.125,"Eric Dier","Dier","Spurs",4,"DEF","TOT"
138,"Haaland | MCI","Forward",11.5,NA,NA,NA,NA,NA,NA,NA,2.875,"Erling Håland","Haaland","Man City",5,NA,"MCI"
139,"Ampadu | CHE","Defender",4.5,0.586666666666667,27.8266666666667,0.934666666666667,6.10666666666667,0.194453001022339,0.983016008511186,3.26227830350399,3.125,"Ethan Ampadu","Ampadu","Chelsea",4,"DEF","CHE"
140,"Pinnock | BRE","Defender",4.5,2.43243243243243,72.8108108108108,3.06756756756757,17.5351351351351,1.74650865513831,1.72450378537178,6.18483616784215,3,"Ethan Pinnock","Pinnock","Brentford",3,"DEF","BRE"
141,"Konsa | AVL","Defender",4.5,2.64864864864865,75.9864864864865,2.34189189189189,15.0459459459459,2.24923003208824,0.181938227266073,3.98617170192301,3.25,"Ezri Konsa Ngoyo","Konsa","Aston Villa",3,"DEF","AVL"
142,"Schär | NEW","Defender",4.5,1.56,44.8666666666667,1.57466666666667,9.50666666666667,1.15005789417773,0.739640850573778,2.16276827827096,3.25,"Fabian Schär","Schär","Newcastle",3,"DEF","NEW"
143,"Fábio Vieira | ARS","Midfielder",6,NA,NA,NA,NA,NA,NA,NA,2.875,"Fábio Ferreira Vieira","Fábio Vieira","Arsenal",4,NA,"ARS"
144,"Carvalho | LIV","Midfielder",5.5,NA,NA,NA,NA,NA,NA,NA,3,"Fábio Freitas Gouveia Carvalho","Carvalho","Liverpool",5,NA,"LIV"
145,"Fabinho | LIV","Midfielder",5.5,2.24,65.0266666666667,2.32,12.8293333333333,2.69800519477576,0.780133997090161,11.187680519186,3,"Fabio Henrique Tavares","Fabinho","Liverpool",5,"MID","LIV"
146,"Fabio Silva | WOL","Forward",5.5,1.34666666666667,25.3066666666667,1.948,3.456,4.43845732230693,0.7888089036569,4.12809570878744,3.25,"Fabio Silva","Fabio Silva","Wolves",3,"FWD","WOL"
147,"Pellistri | MUN","Midfielder",4.5,NA,NA,NA,NA,NA,NA,NA,3.25,"Facundo Pellistri Rebollo","Pellistri","Man Utd",4,NA,"MUN"
148,"Fernández | NEW","Defender",4.5,0.853333333333334,34.68,1.18266666666667,8.68533333333333,0.265488058328629,0.426394041627645,1.93086032755673,3.25,"Federico Fernández","Fernández","Newcastle",3,"DEF","NEW"
149,"Chiquinho | WOL","Midfielder",5,1.11764705882353,9.29411764705882,1.41176470588235,5.07058823529412,0.561112597584724,1.08626341074705,1.76114632189274,3.25,"Francisco Jorge Tomás Oliveira","Chiquinho","Wolves",3,"MID","WOL"
150,"Onyeka | BRE","Midfielder",5,0.945945945945946,28.1081081081081,0.910810810810811,2.51351351351351,0.76537630520761,0.163515510968864,1.59199060313404,3,"Frank Onyeka","Onyeka","Brentford",3,"MID","BRE"
151,"Forster | TOT","Goalkeeper",4,1.16,32.4,1.004,10.0106666666667,0,0,0.988977646455169,3.125,"Fraser Forster","Forster","Spurs",4,"GK","TOT"
152,"Guilbert | AVL","Defender",4,0,0,0,0,NA,NA,NA,3.25,"Frédéric Guilbert","Guilbert","Aston Villa",3,"DEF","AVL"
153,"Fred | MUN","Midfielder",5.5,2.13157894736842,58.0921052631579,2.9671052631579,14.0263157894737,1.40965051669627,2.28204756509513,10.9424029001966,3.25,"Frederico Rodrigues de Paula Santos","Fred","Man Utd",4,"MID","MUN"
154,"Gabriel | ARS","Defender",5,2.96,66.4933333333333,2.69866666666667,15.4506666666667,2.55363868921995,0.152309003751725,8.78342600399628,2.875,"Gabriel dos Santos Magalhães","Gabriel","Arsenal",4,"DEF","ARS"
155,"Jesus | ARS","Forward",8,3.12,51.16,5.27733333333333,14.0933333333333,9.90345662645996,4.73167442018166,18.6848345510662,2.875,"Gabriel Fernando de Jesus","Jesus","Arsenal",4,"FWD","ARS"
156,"Martinelli | ARS","Midfielder",6,1.93333333333333,32,2.80666666666667,7.30666666666666,6.05838321428746,2.91515909135342,8.344158641994,2.875,"Gabriel Martinelli Silva","Martinelli","Arsenal",4,"MID","ARS"
157,"Bazunu | SOU","Goalkeeper",4.5,NA,NA,NA,NA,NA,NA,NA,3.25,"Gavin Bazunu","Bazunu","Southampton",3,NA,"SOU"
158,"Biancone | NFO","Defender",4.5,NA,NA,NA,NA,NA,NA,NA,3,"Giulian Biancone","Biancone","Nott'm Forest",2,NA,"NFO"
159,"Xhaka | ARS","Midfielder",5,1.72,63.4133333333333,2.71866666666667,11.064,0.943168896250427,1.94218884548172,13.6895753461868,2.875,"Granit Xhaka","Xhaka","Arsenal",4,"MID","ARS"
160,"Ziyech | CHE","Midfielder",6,1.96,31.8,3.04,8.07466666666667,2.51302158739418,4.20266673900187,9.18775405921042,3.125,"Hakim Ziyech","Ziyech","Chelsea",4,"MID","CHE"
161,"Choudhury | LEI","Midfielder",4.5,0.297297297297297,8.04054054054054,0.174324324324324,1.04054054054054,0.234012327156961,0,2.17860734090209,3.5,"Hamza Choudhury","Choudhury","Leicester",3,"MID","LEI"
162,"Reed | FUL","Midfielder",4.5,NA,NA,NA,NA,NA,NA,NA,3.5,"Harrison Reed","Reed","Fulham",2,NA,"FUL"
163,"Arter | NFO","Midfielder",4.5,NA,NA,NA,NA,NA,NA,NA,3,"Harry Arter","Arter","Nott'm Forest",2,NA,"NFO"
164,"Kane | TOT","Forward",11.5,5.69333333333333,82.9866666666667,8.96,29.9386666666667,21.4299621004611,8.69769065547734,28.4439156451263,3.125,"Harry Kane","Kane","Spurs",4,"FWD","TOT"
165,"Maguire | MUN","Defender",5,2.53947368421053,73.1578947368421,2.91315789473684,16.6078947368421,1.86102090170607,0.217077932320535,10.5424904520623,3.25,"Harry Maguire","Maguire","Man Utd",4,"DEF","MUN"
166,"Wilson | FUL","Midfielder",6,NA,NA,NA,NA,NA,NA,NA,3.5,"Harry Wilson","Wilson","Fulham",2,NA,"FUL"
167,"Winks | TOT","Midfielder",4.5,0.693333333333333,23.4666666666667,0.82,3.94666666666667,0.0645165480673313,0.856747915036976,5.74051859974861,3.125,"Harry Winks","Winks","Spurs",4,"MID","TOT"
168,"Barnes | LEI","Midfielder",7,3.32432432432432,53,4.68918918918919,13.3648648648649,6.45650718547404,3.12633944954723,10.7261237259954,3.5,"Harvey Barnes","Barnes","Leicester",3,"MID","LEI"
169,"Elliott | LIV","Midfielder",5,0.133333333333333,3.73333333333333,0.277333333333333,0.408,0.613940551877022,0.519713029265404,3.15723699331284,3,"Harvey Elliott","Elliott","Liverpool",5,"MID","LIV"
170,"White | TOT","Midfielder",4.5,NA,NA,NA,NA,NA,NA,NA,3.125,"Harvey White","White","Spurs",4,NA,"TOT"
171,"Roberts | BHA","Defender",4,NA,NA,NA,NA,NA,NA,NA,2.75,"Haydon Roberts","Roberts","Brighton",3,NA,"BHA"
172,"Lloris | TOT","Goalkeeper",5.5,4.02666666666667,90,2.164,21.3546666666667,0,0.103162148967385,5.12148534692824,3.125,"Hugo Lloris","Lloris","Spurs",4,"GK","TOT"
173,"Hwang | WOL","Midfielder",6,2.32352941176471,51.1176470588235,2.90588235294118,9.33529411764706,4.19640527945012,1.60570714715868,8.4803313780576,3.25,"Hwang Hee-chan","Hwang","Wolves",3,"FWD","WOL"
174,"Diallo | SOU","Midfielder",4.5,1.02816901408451,27.5492957746479,1.1112676056338,4.12676056338028,0.472517872229218,0.840217038057745,3.57956491783261,3.25,"Ibrahima Diallo","Diallo","Southampton",3,"MID","SOU"
175,"Konaté | LIV","Defender",5,0.837837837837838,24.3243243243243,0.556756756756757,4.65405405405405,0.205162692815065,0,3.75826661102474,3,"Ibrahima Konaté","Konaté","Liverpool",5,"DEF","LIV"
176,"Gündogan | MCI","Midfielder",7.5,3.74666666666667,51.68,5.31066666666667,16.5146666666667,9.64378976495936,4.26859036879614,20.3079785779119,2.875,"Ilkay Gündogan","Gündogan","Man City",5,"MID","MCI"
177,"Meslier | LEE","Goalkeeper",4.5,3.42666666666667,85.92,2.74666666666667,27.3466666666667,0,0.0210986621677875,5.2969822450541,3.125,"Illan Meslier","Meslier","Leeds",2,"GK","LEE"
178,"Diop | WHU","Defender",4.5,0.96,31.2,0.978666666666667,8.016,0.504902475513518,0.154805462807417,2.08776738122106,3.375,"Issa Diop","Diop","West Ham",3,"DEF","WHU"
179,"Cavaleiro | FUL","Midfielder",5,NA,NA,NA,NA,NA,NA,NA,3.5,"Ivan Neves Abreu Cavaleiro","Cavaleiro","Fulham",2,NA,"FUL"
180,"Perišić | TOT","Defender",5.5,NA,NA,NA,NA,NA,NA,NA,3.125,"Ivan Perišić","Perišić","Spurs",4,NA,"TOT"
181,"Toney | BRE","Forward",7,3.7027027027027,76.1621621621622,6.81351351351351,19.2972972972973,12.0485844500363,7.34353103581816,12.1691210810095,3,"Ivan Toney","Toney","Brentford",3,"FWD","BRE"
182,"Butland | CRY","Goalkeeper",4.5,NA,NA,NA,NA,NA,NA,NA,3.75,"Jack Butland","Butland","Crystal Palace",3,NA,"CRY"
183,"Colback | NFO","Midfielder",4.5,NA,NA,NA,NA,NA,NA,NA,3,"Jack Colback","Colback","Nott'm Forest",2,NA,"NFO"
184,"Grealish | MCI","Midfielder",7,2.82666666666667,53.3733333333333,6.01066666666667,14.0666666666667,5.36255751736462,7.3951681801118,17.9427759833634,2.875,"Jack Grealish","Grealish","Man City",5,"MID","MCI"
185,"Harrison | LEE","Midfielder",6,3.66666666666667,71.92,5.28533333333333,17.6266666666667,5.70436818851158,5.48601498641074,14.3067152295262,3.125,"Jack Harrison","Harrison","Leeds",2,"MID","LEE"
186,"Stacey | BOU","Defender",4.5,NA,NA,NA,NA,NA,NA,NA,3.5,"Jack Stacey","Stacey","Bournemouth",2,NA,"BOU"
187,"Stephens | SOU","Defender",4.5,0.706666666666666,30.0933333333333,0.993333333333333,6.66666666666667,0.447151666507125,0.349969286471605,2.41225272696465,3.25,"Jack Stephens","Stephens","Southampton",3,"DEF","SOU"
188,"Murphy | NEW","Midfielder",4.5,1.73333333333333,40.8,2.296,8.264,2.03955808607861,2.90982610662468,7.50478218705393,3.25,"Jacob Murphy","Murphy","Newcastle",3,"MID","NEW"
189,"Ramsey | AVL","Midfielder",5.5,1.83561643835617,40.8356164383562,2.11780821917808,8.08493150684932,2.19871495291591,1.1244342639111,6.73714773030952,3.25,"Jacob Ramsey","Ramsey","Aston Villa",3,"MID","AVL"
190,"Philogene-Bidace | AVL","Midfielder",4.5,0.0408163265306122,0.102040816326531,0.00204081632653061,0,0,0,0.028021952137351,3.25,"Jaden Philogene-Bidace","Philogene-Bidace","Aston Villa",3,"MID","AVL"
191,"Sancho | MUN","Midfielder",7.5,2.39473684210526,49.8421052631579,3.97105263157895,9.5578947368421,4.23304028809071,4.07867006026208,12.3608889430761,3.25,"Jadon Sancho","Sancho","Man Utd",4,"MID","MUN"
192,"Anthony | BOU","Midfielder",5.5,NA,NA,NA,NA,NA,NA,NA,3.5,"Jaidon Anthony","Anthony","Bournemouth",2,NA,"BOU"
193,"Riedewald | CRY","Midfielder",4.5,0.918918918918919,26.027027027027,0.762162162162162,3.85405405405405,0.281540613621473,0.475492876954377,2.10900842305273,3.75,"Jairo Riedewald","Riedewald","Crystal Palace",3,"MID","CRY"
194,"Moder | BHA","Midfielder",4.5,1.36206896551724,40.2931034482759,2.05344827586207,5.23103448275862,2.0101788667962,1.39389353990555,4.90650804527104,2.75,"Jakub Moder","Moder","Brighton",3,"MID","BHA"
195,"Lascelles | NEW","Defender",4.5,1.2,48.52,1.672,9.87733333333333,1.05134709505364,0.149266853928566,2.02650360157713,3.25,"Jamaal Lascelles","Lascelles","Newcastle",3,"DEF","NEW"
196,"Lewis | NEW","Defender",4.5,0.72,27.92,0.797333333333333,4.16,0.0597883127629757,0.50833687838167,2.47967097349465,3.25,"Jamal Lewis","Lewis","Newcastle",3,"DEF","NEW"
197,"Lowe | BOU","Midfielder",5.5,NA,NA,NA,NA,NA,NA,NA,3.5,"Jamal Lowe","Lowe","Bournemouth",2,NA,"BOU"
198,"Justin | LEI","Defender",4.5,1.72972972972973,40.2162162162162,1.81756756756757,8.54324324324324,1.02465065196157,1.45447674021125,6.54896124079823,3.5,"James Justin","Justin","Leicester",3,"DEF","LEI"
199,"Maddison | LEI","Midfielder",8,3.90540540540541,59.0135135135135,5.39054054054054,16.5810810810811,5.16214061900973,5.53046562615782,13.175114935264,3.5,"James Maddison","Maddison","Leicester",3,"MID","LEI"
200,"McArthur | CRY","Midfielder",5,1.33783783783784,39.1756756756757,1.69189189189189,8.23243243243243,0.294740079436451,1.39528171066195,4.04904593154788,3.75,"James McArthur","McArthur","Crystal Palace",3,"MID","CRY"
201,"McAtee | MCI","Midfielder",4.5,0.0769230769230769,0.692307692307692,0,0,0.088648721575737,0,0.088648721575737,2.875,"James McAtee","McAtee","Man City",5,"MID","MCI"
202,"Milner | LIV","Midfielder",4.5,1.06666666666667,24.1333333333333,1.424,5.29066666666667,0.350642769597471,1.48650228325278,6.54976927768439,3,"James Milner","Milner","Liverpool",5,"MID","LIV"
203,"Tarkowski | EVE","Defender",4.5,2.56756756756757,84.5405405405405,3.42432432432432,22.127027027027,3.02396176755428,0.715921631548554,4.3215998718515,3.25,"James Tarkowski","Tarkowski","Everton",3,"DEF","EVE"
204,"Tomkins | CRY","Defender",4,0.472972972972973,14.8108108108108,0.52972972972973,3.26486486486487,0.406231488101184,0.23161569237709,0.385385314933956,3.75,"James Tomkins","Tomkins","Crystal Palace",3,"DEF","CRY"
205,"Ward-Prowse | SOU","Midfielder",6.5,4.17333333333333,87.2666666666667,6.30533333333333,24.776,5.26576610002667,5.23333041276783,10.8836895478889,3.25,"James Ward-Prowse","Ward-Prowse","Southampton",3,"MID","SOU"
206,"Shackleton | LEE","Midfielder",4.5,0.466666666666667,15.1466666666667,0.441333333333333,2.36266666666667,0.0836524348706007,0.0671041328459978,1.85749582201242,3.125,"Jamie Shackleton","Shackleton","Leeds",2,"MID","LEE"
207,"Vardy | LEI","Forward",9.5,4.12162162162162,60.5675675675676,5.21486486486487,17.6513513513514,14.9674478527158,3.34669805224985,15.4319600402378,3.5,"Jamie Vardy","Vardy","Leicester",3,"FWD","LEI"
208,"Bednarek | SOU","Defender",4.5,2.50666666666667,76.3866666666667,2.724,18.5546666666667,1.63036109879613,0.762914292514324,7.58313871920109,3.25,"Jan Bednarek","Bednarek","Southampton",3,"DEF","SOU"
209,"Vestergaard | LEI","Defender",4,1.31081081081081,42.3918918918919,1.69864864864865,11.2297297297297,1.07208193931729,0.404048404656351,4.92419767566025,3.5,"Jannik Vestergaard","Vestergaard","Leicester",3,"DEF","LEI"
210,"Tanganga | TOT","Defender",4,0.573333333333333,16.2933333333333,0.550666666666667,2.49066666666667,0.324710739776492,0.41357384622097,1.45258206594735,3.125,"Japhet Tanganga","Tanganga","Spurs",4,"DEF","TOT"
211,"Branthwaite | EVE","Defender",4,0.135135135135135,5,0.158108108108108,0.943243243243242,0.602220421656966,0,0.0646107420325279,3.25,"Jarrad Branthwaite","Branthwaite","Everton",3,"DEF","EVE"
212,"Bowen | WHU","Midfielder",8.5,4.44,72.7066666666667,5.796,17.104,10.4591625193134,5.52460767747834,17.9363149432465,3.375,"Jarrod Bowen","Bowen","West Ham",3,"MID","WHU"
213,"Steele | BHA","Goalkeeper",4,0.0266666666666667,1.2,0.0386666666666667,0.384,0,0,0,2.75,"Jason Steele","Steele","Brighton",3,"GK","BHA"
214,"Manquillo | NEW","Defender",4.5,0.88,27.7333333333333,0.798666666666667,4.72,0.200560685247183,0.38433295302093,1.53907101834193,3.25,"Javier Manquillo Gaitán","Manquillo","Newcastle",3,"DEF","NEW"
215,"Stansfield | FUL","Forward",4.5,NA,NA,NA,NA,NA,NA,NA,3.5,"Jay Stansfield","Stansfield","Fulham",2,NA,"FUL"
216,"Gbamin | EVE","Midfielder",4.5,1.54054054054054,35.3108108108108,1.99054054054054,4.40810810810811,3.91611080430448,1.55639945529401,4.80230976082385,3.25,"Jean-Philippe Gbamin","Gbamin","Everton",3,"FWD","EVE"
217,"Mateta | CRY","Forward",5.5,1.2,21.8727272727273,1.71818181818182,4.67636363636364,3.08620043843985,0.367378128692508,3.63496501930058,3.75,"Jean-Philippe Mateta","Mateta","Crystal Palace",3,"FWD","CRY"
218,"Hendrick | NEW","Midfielder",4.5,0.8,19.8266666666667,0.617333333333333,3.336,0.562870711088181,0.72802208410576,1.88324941787869,3.25,"Jeff Hendrick","Hendrick","Newcastle",3,"MID","NEW"
219,"Lerma | BOU","Midfielder",5,NA,NA,NA,NA,NA,NA,NA,3.5,"Jefferson Lerma Solís","Lerma","Bournemouth",2,NA,"BOU"
220,"Schlupp | CRY","Midfielder",5,1.93243243243243,42.8378378378378,2.52837837837838,9.25405405405405,2.8223673729226,2.30202439334244,6.10887604858726,3.75,"Jeffrey Schlupp","Schlupp","Crystal Palace",3,"MID","CRY"
221,"Sarmiento | BHA","Midfielder",4.5,0.161290322580645,1.41935483870968,0.0258064516129032,0.0903225806451613,0,0,0.0569687411189079,2.75,"Jeremy Sarmiento Morante","Sarmiento","Brighton",3,"MID","BHA"
222,"Rak-Sakyi | CRY","Midfielder",4.5,0.0909090909090909,1.79545454545454,0.0136363636363636,0.0227272727272727,0,0,0.0364288128912449,3.75,"Jesurun Rak-Sakyi","Rak-Sakyi","Crystal Palace",3,"MID","CRY"
223,"Andersen | CRY","Defender",4.5,3.05714285714286,78.0428571428571,2.46857142857143,16.4057142857143,0.920479828957468,0.917440847028047,7.44216346787289,3.75,"Joachim Andersen","Andersen","Crystal Palace",3,"DEF","CRY"
224,"Cancelo | MCI","Defender",7,4.50666666666667,72.4666666666667,5.22,17.7946666666667,3.20487986458465,5.59348253300413,22.4966246969998,2.875,"João Cancelo","Cancelo","Man City",5,"DEF","MCI"
225,"Moutinho | WOL","Midfielder",5,2.21333333333333,72.08,3.38933333333333,12.9813333333333,0.813659379258752,2.22323999647051,8.74900549650192,3.25,"João Filipe Iria Santos Moutinho","Moutinho","Wolves",3,"MID","WOL"
226,"Palhinha | FUL","Midfielder",5,NA,NA,NA,NA,NA,NA,NA,3.5,"João Palhinha Gonçalves","Palhinha","Fulham",2,NA,"FUL"
227,"Bryan | FUL","Defender",4.5,NA,NA,NA,NA,NA,NA,NA,3.5,"Joe Bryan","Bryan","Fulham",2,NA,"FUL"
228,"Gelhardt | LEE","Forward",5.5,0.730769230769231,12.3653846153846,1.12115384615385,2.54615384615385,3.80464389361441,1.80833530798554,5.50651040207595,3.125,"Joe Gelhardt","Gelhardt","Leeds",2,"FWD","LEE"
229,"Lolley | NFO","Midfielder",5,NA,NA,NA,NA,NA,NA,NA,3,"Joe Lolley","Lolley","Nott'm Forest",2,NA,"NFO"
230,"Rodon | TOT","Defender",4,0.414285714285714,11.6857142857143,0.281428571428571,2.65142857142857,0.00916468631476164,0,0.709829766303301,3.125,"Joe Rodon","Rodon","Spurs",4,"DEF","TOT"
231,"Rothwell | BOU","Midfielder",5,NA,NA,NA,NA,NA,NA,NA,3.5,"Joe Rothwell","Rothwell","Bournemouth",2,NA,"BOU"
232,"Willock | NEW","Midfielder",5,NA,NA,NA,NA,NA,NA,NA,3.25,"Joe Willock","Willock","Newcastle",3,NA,"NEW"
233,"Worrall | NFO","Defender",4.5,NA,NA,NA,NA,NA,NA,NA,3,"Joe Worrall","Worrall","Nott'm Forest",2,NA,"NFO"
234,"Matip | LIV","Defender",6,2.68,45.2,2.08533333333333,10.7706666666667,1.75262141088024,1.6295517925173,9.94340139999986,3,"Joel Matip","Matip","Liverpool",5,"DEF","LIV"
235,"Veltman | BHA","Defender",4.5,2.52,67.52,2.612,13.3146666666667,0.995301309973001,1.7173904357478,8.45885422360152,2.75,"Joël Veltman","Veltman","Brighton",3,"DEF","BHA"
236,"Ward | CRY","Defender",4.5,1.87837837837838,64.0675675675676,1.5472972972973,10.9081081081081,0.196130962576717,0.39906309125945,5.90122704859823,3.75,"Joel Ward","Ward","Crystal Palace",3,"DEF","CRY"
237,"Joelinton | NEW","Midfielder",6,2.02666666666667,59.24,3.56266666666667,11.6986666666667,4.72364118602127,2.12341072782874,7.89235697686672,3.25,"Joelinton Cássio Apolinário de Lira","Joelinton","Newcastle",3,"FWD","NEW"
238,"McGinn | AVL","Midfielder",5.5,2.89189189189189,84.3243243243243,4.27837837837838,16.2837837837838,1.99733399832621,4.43050085101277,13.8543130587786,3.25,"John McGinn","McGinn","Aston Villa",3,"MID","AVL"
239,"Stones | MCI","Defender",5.5,2.64,40.6666666666667,1.56,9.66133333333333,1.85810450045392,0.104735484812409,8.48978333547711,2.875,"John Stones","Stones","Man City",5,"DEF","MCI"
240,"Jonny | WOL","Defender",4.5,0.693333333333333,19.04,0.744,3.352,0.459299304056913,0.589737283065915,1.7414856753312,3.25,"Jonathan Castro Otto","Jonny","Wolves",3,"DEF","WOL"
241,"Panzo | NFO","Defender",4,NA,NA,NA,NA,NA,NA,NA,3,"Jonathan Panzo","Panzo","Nott'm Forest",2,NA,"NFO"
242,"Shelvey | NEW","Midfielder",5,1.82666666666667,61.2933333333333,2.696,10.6,1.66595909930766,1.84316855296493,6.70699509326369,3.25,"Jonjo Shelvey","Shelvey","Newcastle",3,"MID","NEW"
243,"Evans | LEI","Defender",4.5,1.97297297297297,49.6351351351351,1.60945945945946,11.1540540540541,1.57025633146986,0.72967869322747,6.4698473168537,3.5,"Jonny Evans","Evans","Leicester",3,"DEF","LEI"
244,"Ayew | CRY","Midfielder",5.5,1.91891891891892,54.1621621621622,2.81486486486486,7.94594594594595,3.43618561793119,1.9291390045546,7.30352267995477,3.75,"Jordan Ayew","Ayew","Crystal Palace",3,"FWD","CRY"
245,"Henderson | LIV","Midfielder",5.5,2.2,56.68,2.77733333333333,11.032,1.2542417999357,2.83939599711448,15.2385776657611,3,"Jordan Henderson","Henderson","Liverpool",5,"MID","LIV"
246,"Pickford | EVE","Goalkeeper",4.5,3.05405405405405,77.1891891891892,2.0972972972973,20.2594594594595,0,0.081953932531178,2.66198495868593,3.25,"Jordan Pickford","Pickford","Everton",3,"GK","EVE"
247,"Zemura | BOU","Defender",4.5,NA,NA,NA,NA,NA,NA,NA,3.5,"Jordan Zemura","Zemura","Bournemouth",2,NA,"BOU"
248,"Jorginho | CHE","Midfielder",6,2.92,55.8266666666667,3.10533333333333,15.64,6.4429760328494,2.42380084190518,13.7927886252292,3.125,"Jorge Luiz Frello Filho","Jorginho","Chelsea",4,"MID","CHE"
249,"Sá | WOL","Goalkeeper",5,3.94594594594595,88.7837837837838,2.61351351351351,25.372972972973,0,0.395019039511681,2.49233266245574,3.25,"José Malheiro de Sá","Sá","Wolves",3,"GK","WOL"
250,"Gomez | LIV","Defender",4.5,0.413333333333333,11.6533333333333,0.346666666666667,2.33066666666667,0.00673278095200657,0.38819026760757,2.3714154958725,3,"Joseph Gomez","Gomez","Liverpool",5,"DEF","LIV"
251,"Dasilva | BRE","Midfielder",4.5,2.10666666666667,43.2933333333333,2.648,10.0933333333333,4.38275987934321,0.931052770465612,7.2517844652757,3,"Josh Dasilva","Dasilva","Brentford",3,"MID","BRE"
252,"Onomah | FUL","Midfielder",4.5,NA,NA,NA,NA,NA,NA,NA,3.5,"Josh Onomah","Onomah","Fulham",2,NA,"FUL"
253,"Wilson-Esbrand | MCI","Defender",4,NA,NA,NA,NA,NA,NA,NA,2.875,"Josh Wilson-Esbrand","Wilson-Esbrand","Man City",5,NA,"MCI"
254,"Álvarez | MCI","Forward",6.5,NA,NA,NA,NA,NA,NA,NA,2.875,"Julián Álvarez","Álvarez","Man City",5,NA,"MCI"
255,"Enciso | BHA","Forward",5,NA,NA,NA,NA,NA,NA,NA,2.75,"Julio Enciso","Enciso","Brighton",3,NA,"BHA"
256,"Firpo | LEE","Defender",4.5,0.567567567567568,43.972972972973,1.85405405405405,7.97297297297297,0.936143356375396,2.52306802384555,4.8368242578581,3.125,"Junior Firpo Adames","Firpo","Leeds",2,"DEF","LEE"
257,"Stanislas | BOU","Midfielder",5,NA,NA,NA,NA,NA,NA,NA,3.5,"Junior Stanislas","Stanislas","Bournemouth",2,NA,"BOU"
258,"Kozłowski | BHA","Midfielder",4.5,NA,NA,NA,NA,NA,NA,NA,2.75,"Kacper Kozłowski","Kozłowski","Brighton",3,NA,"BHA"
259,"Havertz | CHE","Forward",8,2.69333333333333,44.0266666666667,3.608,9.93866666666667,8.51153036672622,2.06058112764731,14.0008819852956,3.125,"Kai Havertz","Havertz","Chelsea",4,"MID","CHE"
260,"Phillips | MCI","Midfielder",5,1.38666666666667,52.4266666666667,2.14933333333333,10.264,0.57889535324648,2.1986896134913,6.41108067054302,2.875,"Kalvin Phillips","Phillips","Man City",5,"MID","MCI"
261,"Mitoma | BHA","Midfielder",5,NA,NA,NA,NA,NA,NA,NA,2.75,"Kaoru Mitoma","Mitoma","Brighton",3,NA,"BHA"
262,"Darlow | NEW","Goalkeeper",4,1.33333333333333,39.6,1.12133333333333,11.192,0,0,0.777958693448454,3.25,"Karl Darlow","Darlow","Newcastle",3,"GK","NEW"
263,"Schmeichel | LEI","Goalkeeper",5,3.44594594594595,90,2.44189189189189,24.2297297297297,0,0.00793459545820951,4.78803837881424,3.5,"Kasper Schmeichel","Schmeichel","Leicester",3,"GK","LEI"
264,"Davis | AVL","Forward",5.5,0.324324324324324,3.72972972972973,0.42972972972973,1.04864864864865,0.63438725285232,0.34230918996036,0.996425241231918,3.25,"Keinan Davis","Davis","Aston Villa",3,"FWD","AVL"
265,"Iheanacho | LEI","Forward",6.5,2.54054054054054,35.7162162162162,3.62432432432432,11.2405405405405,6.34096481418237,3.12159519828856,10.8395611513406,3.5,"Kelechi Iheanacho","Iheanacho","Leicester",3,"FWD","LEI"
266,"Tete | FUL","Defender",4.5,NA,NA,NA,NA,NA,NA,NA,3.5,"Kenny Tete","Tete","Fulham",2,NA,"FUL"
267,"Arrizabalaga | CHE","Goalkeeper",4.5,0.6,12.6,0.278666666666667,2.78933333333333,0,0,0.522809906862676,3.125,"Kepa Arrizabalaga","Arrizabalaga","Chelsea",4,"GK","CHE"
268,"De Bruyne | MCI","Midfielder",12,4.46666666666667,54.68,7.58533333333333,22.8213333333333,7.96670188102871,11.1091902786866,21.4173669721931,2.875,"Kevin De Bruyne","De Bruyne","Man City",5,"MID","MCI"
269,"Moore | BOU","Forward",5.5,NA,NA,NA,NA,NA,NA,NA,3.5,"Kieffer Moore","Moore","Bournemouth",2,NA,"BOU"
270,"Tierney | ARS","Defender",5,2.69333333333333,56.2,2.72,10.8213333333333,0.500578915700316,2.53526048036292,7.68206263612956,2.875,"Kieran Tierney","Tierney","Arsenal",4,"DEF","ARS"
271,"Trippier | NEW","Defender",5,1.55555555555556,23.8333333333333,1.57222222222222,8.12222222222222,0.226134479045868,0.235174901783466,0.972275011241436,3.25,"Kieran Trippier","Trippier","Newcastle",3,"DEF","NEW"
272,"Dewsbury-Hall | LEI","Midfielder",5,1.83333333333333,53.3611111111111,2.83888888888889,9.81666666666667,1.29461468569934,3.02906325273216,9.69571733474731,3.5,"Kiernan Dewsbury-Hall","Dewsbury-Hall","Leicester",3,"MID","LEI"
273,"Tsimikas | LIV","Defender",4.5,0.56,10.5333333333333,0.876,2.512,0.335286818444729,1.06550251506269,3.25233186036348,3,"Konstantinos Tsimikas","Tsimikas","Liverpool",5,"DEF","LIV"
274,"Hause | AVL","Defender",4.5,0.702702702702703,13.8783783783784,0.513513513513513,3.37567567567568,0.6838926714845,0,1.8089440073818,3.25,"Kortney Hause","Hause","Aston Villa",3,"DEF","AVL"
275,"Ajer | BRE","Defender",4.5,2.21621621621622,52.3513513513514,1.84594594594595,10.2,1.06557603552938,2.21118733286858,5.5533482786268,3,"Kristoffer Ajer","Ajer","Brentford",3,"DEF","BRE"
276,"Klaesson | LEE","Goalkeeper",4,0.0540540540540541,0.945945945945946,0.0675675675675676,0.686486486486486,0,0,0.865853130817413,3.125,"Kristoffer Klaesson","Klaesson","Leeds",2,"GK","LEE"
277,"Zouma | WHU","Defender",4.5,2.30666666666667,53.5333333333333,2.15866666666667,13.8826666666667,1.97496144846082,0.0826751757413149,5.33318050205708,3.375,"Kurt Zouma","Zouma","West Ham",3,"DEF","WHU"
278,"Walker | MCI","Defender",5,2.34666666666667,49.32,1.67066666666667,8.08533333333333,0.213441092520952,0.977515989914536,10.1327249202877,2.875,"Kyle Walker","Walker","Man City",5,"DEF","MCI"
279,"Walker-Peters | SOU","Defender",4.5,2.32,69.1466666666667,3.07066666666667,12.6773333333333,1.23129389900714,2.2904160968028,8.94228593446314,3.25,"Kyle Walker-Peters","Walker-Peters","Southampton",3,"DEF","SOU"
280,"Dendoncker | WOL","Midfielder",5,2.04,59.24,2.35466666666667,9.672,2.91819444904104,0.773229624144733,6.76180304400623,3.25,"Leander Dendoncker","Dendoncker","Wolves",3,"MID","WOL"
281,"Trossard | BHA","Midfielder",6.5,3.6,70.92,5.744,15.4906666666667,6.68716697022319,5.33816424105316,16.0689983265474,2.75,"Leandro Trossard","Trossard","Brighton",3,"MID","BHA"
282,"Hjelde | LEE","Defender",4,0.0625,4.625,0.190625,1.425,0,0.0237415563315153,0.103576330468059,3.125,"Leo Fuhr Hjelde","Hjelde","Leeds",2,"DEF","LEE"
283,"Bailey | AVL","Midfielder",5,1.02777777777778,20.8333333333333,1.47777777777778,3.97777777777778,1.49256153777242,0.677380554378033,2.51090531609952,3.25,"Leon Bailey","Bailey","Aston Villa",3,"MID","AVL"
284,"Bate | LEE","Midfielder",4.5,0.111111111111111,5.37037037037037,0.0296296296296296,0.2,0.016889039427042,0,0.357828587293625,3.125,"Lewis Bate","Bate","Leeds",2,"MID","LEE"
285,"Brunt | LEI","Defender",4,0.0476190476190476,1.0952380952381,0.0285714285714286,0.0952380952380952,0,0,0.0172420237213373,3.5,"Lewis Brunt","Brunt","Leicester",3,"MID","LEI"
286,"Cook | BOU","Midfielder",5,NA,NA,NA,NA,NA,NA,NA,3.5,"Lewis Cook","Cook","Bournemouth",2,NA,"BOU"
287,"Dunk | BHA","Defender",4.5,2.93333333333333,72.2,2.97333333333333,16.8106666666667,2.10058640316129,0.618109493516386,7.61206452175975,2.75,"Lewis Dunk","Dunk","Brighton",3,"DEF","BHA"
288,"Cooper | LEE","Defender",4.5,1.57333333333333,52.1333333333333,1.884,13.6373333333333,1.18732644617558,0.0660830121487379,5.39094779547304,3.125,"Liam Cooper","Cooper","Leeds",2,"DEF","LEE"
289,"Delap | MCI","Forward",4.5,0.0384615384615385,0.903846153846154,0.00576923076923077,0,0.0320425853133202,0,0.0320425853133202,2.875,"Liam Delap","Delap","Man City",5,"FWD","MCI"
290,"Kelly | BOU","Defender",4.5,NA,NA,NA,NA,NA,NA,NA,3.5,"Lloyd Kelly","Kelly","Bournemouth",2,NA,"BOU"
291,"Mbe Soh | NFO","Defender",4.5,NA,NA,NA,NA,NA,NA,NA,3,"Loïc Mbe Soh","Mbe Soh","Nott'm Forest",2,NA,"NFO"
292,"Digne | AVL","Defender",5,2.67123287671233,67.6849315068493,3.72739726027397,14.0219178082192,0.66262733284384,4.74025217443705,9.00770447030663,3.25,"Lucas Digne","Digne","Aston Villa",3,"DEF","AVL"
293,"Lucas Moura | TOT","Midfielder",6,2.2,41.0933333333333,2.72933333333333,8.99466666666667,2.65518287569284,3.69208635948598,10.4903176315129,3.125,"Lucas Rodrigues Moura da Silva","Lucas Moura","Spurs",4,"MID","TOT"
294,"Torreira | ARS","Midfielder",4.5,0,0,0,0,NA,NA,NA,2.875,"Lucas Torreira di Pascua","Torreira","Arsenal",4,"MID","ARS"
295,"Luis Díaz | LIV","Midfielder",8,4.26666666666667,63.8,7.00666666666667,18.2533333333333,4.27675910107791,2.17598849255592,8.96128223091364,3,"Luis Díaz","Luis Díaz","Liverpool",5,"MID","LIV"
296,"Milivojevic | CRY","Midfielder",4.5,1.06756756756757,40.7297297297297,1.54324324324324,6.55945945945946,1.25141570880078,1.20767740439624,4.64146773400716,3.75,"Luka Milivojevic","Milivojevic","Crystal Palace",3,"MID","CRY"
297,"Fabianski | WHU","Goalkeeper",5,3.48,85.2,2.08133333333333,20.848,0,0,2.28528954228386,3.375,"Lukasz Fabianski","Fabianski","West Ham",3,"GK","WHU"
298,"Ayling | LEE","Defender",4.5,2.06666666666667,75.6133333333333,3.52133333333333,19.2853333333333,1.23851090064272,2.67420146102086,9.76830688398331,3.125,"Luke Ayling","Ayling","Leeds",2,"DEF","LEE"
299,"Cundle | WOL","Midfielder",4.5,0.114754098360656,2.9344262295082,0.0836065573770492,0.278688524590164,0,0.534778140485287,0.707562379539013,3.25,"Luke Cundle","Cundle","Wolves",3,"MID","WOL"
300,"Mbete | MCI","Defender",4,NA,NA,NA,NA,NA,NA,NA,2.875,"Luke Mbete-Tabu","Mbete","Man City",5,NA,"MCI"
301,"Plange | CRY","Forward",4.5,NA,NA,NA,NA,NA,NA,NA,3.75,"Luke Plange","Plange","Crystal Palace",3,NA,"CRY"
302,"Shaw | MUN","Defender",5,2.23684210526316,55.9605263157895,3.76447368421053,11.6842105263158,0.429538384079933,5.08279222622514,10.2175417244434,3.25,"Luke Shaw","Shaw","Man Utd",4,"DEF","MUN"
303,"Thomas | LEI","Defender",4.5,1,37.6891891891892,1.40945945945946,7.72702702702703,0.226365444250405,1.18144835717976,3.99535495229065,3.5,"Luke Thomas","Thomas","Leicester",3,"DEF","LEI"
304,"Lyanco | SOU","Defender",4.5,0.514285714285714,23.3142857142857,0.68,4.40571428571429,0.255484364926815,0.174107179045677,1.79617601260543,3.25,"Lyanco Silveira Neves Vojnovic","Lyanco","Southampton",3,"DEF","SOU"
305,"Taylor | NFO","Forward",4.5,NA,NA,NA,NA,NA,NA,NA,3,"Lyle Taylor","Taylor","Nott'm Forest",2,NA,"NFO"
306,"Bech | BRE","Defender",4.5,0.621621621621622,21.2972972972973,0.610810810810811,3.04864864864865,0.0718619022518396,0.341833489015698,1.56631381623447,3,"Mads Bech Sørensen","Bech","Brentford",3,"DEF","BRE"
307,"Bidstrup | BRE","Midfielder",4.5,0.108108108108108,0.972972972972973,0.0216216216216216,0.178378378378378,0,0,0,3,"Mads Bidstrup","Bidstrup","Brentford",3,"MID","BRE"
308,"Roerslev | BRE","Defender",4.5,1.08108108108108,32.8918918918919,1.09459459459459,5.32432432432432,0.283144555985928,0.966704587452114,1.35816847067326,3,"Mads Roerslev Rasmussen","Roerslev","Brentford",3,"DEF","BRE"
309,"Sarr | CHE","Defender",5,0.810810810810811,14.7027027027027,0.42972972972973,3.06486486486486,0.0206521544605494,0.387572556734085,1.33736909925938,3.125,"Malang Sarr","Sarr","Chelsea",4,"DEF","CHE"
310,"Ebiowei | CRY","Midfielder",4.5,NA,NA,NA,NA,NA,NA,NA,3.75,"Malcolm Ebiowei","Ebiowei","Crystal Palace",3,NA,"CRY"
311,"Lanzini | WHU","Midfielder",5.5,1.57333333333333,30.0933333333333,1.804,7.11466666666667,2.17306659324095,1.79793577827513,5.70688306214288,3.375,"Manuel Lanzini","Lanzini","West Ham",3,"MID","WHU"
312,"Albrighton | LEI","Midfielder",5,1.54054054054054,38.0675675675676,2.28783783783784,8.38108108108108,0.867148090153933,2.86554650356993,6.0096856020391,3.5,"Marc Albrighton","Albrighton","Leicester",3,"MID","LEI"
313,"Cucurella | BHA","Defender",5,3.58823529411765,88.2058823529412,4.26764705882353,18.4352941176471,0.729302244260907,2.87159776501358,11.1117876907811,2.75,"Marc Cucurella Saseta","Cucurella","Brighton",3,"DEF","BHA"
314,"Guéhi | CRY","Defender",4.5,3.16666666666667,84.5,2.84722222222222,18.4388888888889,2.49180292058736,1.20064950268716,7.82427372317761,3.75,"Marc Guéhi","Guéhi","Crystal Palace",3,"DEF","CRY"
315,"Roca | LEE","Midfielder",5,NA,NA,NA,NA,NA,NA,NA,3.125,"Marc Roca Junqué","Roca","Leeds",2,NA,"LEE"
316,"Alonso | CHE","Defender",5.5,2.34666666666667,40.4266666666667,3.28266666666667,9.84,2.65917012561113,3.38231719774194,9.11250132881105,3.125,"Marcos Alonso","Alonso","Chelsea",4,"DEF","CHE"
317,"Forss | BRE","Forward",4.5,0.297297297297297,5.48648648648649,0.235135135135135,0.562162162162162,0.295752301812172,0.420565873384476,0.158866833895445,3,"Marcus Forss","Forss","Brentford",3,"FWD","BRE"
318,"Marquinhos | ARS","Midfielder",5,NA,NA,NA,NA,NA,NA,NA,2.875,"Marcus Oliveira Alencar","Marquinhos","Arsenal",4,NA,"ARS"
319,"Rashford | MUN","Midfielder",6.5,3.11842105263158,54.4868421052632,4.46973684210526,13.5131578947368,6.20004358515143,3.30632438790053,13.6812032000162,3.25,"Marcus Rashford","Rashford","Man Utd",4,"MID","MUN"
320,"Rodák | FUL","Goalkeeper",4.5,NA,NA,NA,NA,NA,NA,NA,3.5,"Marek Rodák","Rodák","Fulham",2,NA,"FUL"
321,"Travers | BOU","Goalkeeper",4.5,NA,NA,NA,NA,NA,NA,NA,3.5,"Mark Travers","Travers","Bournemouth",2,NA,"BOU"
322,"Dubravka | NEW","Goalkeeper",4.5,1.82666666666667,45.6,1.20133333333333,12.0186666666667,0,0.0167088201269507,1.8959608101286,3.25,"Martin Dubravka","Dubravka","Newcastle",3,"GK","NEW"
323,"Ødegaard | ARS","Midfielder",6.5,3.12962962962963,65.7962962962963,5.16296296296296,14.4444444444444,2.42116007395089,4.27891967911273,11.7661469969898,2.875,"Martin Ødegaard","Ødegaard","Arsenal",4,"MID","ARS"
324,"Nakamba | AVL","Midfielder",4.5,0.621621621621622,21.3648648648649,0.432432432432432,3.17027027027027,0.0165417641401291,0.0523611297830939,1.32240149471909,3.25,"Marvelous Nakamba","Nakamba","Aston Villa",3,"MID","AVL"
325,"Holgate | EVE","Defender",4.5,1.85135135135135,57.2837837837838,1.5527027027027,10.7189189189189,1.47928716894239,0.33789019472897,2.68142952164635,3.25,"Mason Holgate","Holgate","Everton",3,"DEF","EVE"
326,"Mount | CHE","Midfielder",8,4.21333333333333,69.9333333333333,7.628,21.1093333333333,7.70365271251649,8.53030485380441,19.9641443626024,3.125,"Mason Mount","Mount","Chelsea",4,"MID","CHE"
327,"Kovacic | CHE","Midfielder",5,1.73333333333333,44.8133333333333,2.51333333333333,9.89333333333333,1.31012423685752,3.01670025615022,13.8300563753583,3.125,"Mateo Kovacic","Kovacic","Chelsea",4,"MID","CHE"
328,"Klich | LEE","Midfielder",5,2.10666666666667,58.3333333333333,3.51333333333333,10.4533333333333,2.85097485850565,2.78171410690993,11.7867555278353,3.125,"Mateusz Klich","Klich","Leeds",2,"MID","LEE"
329,"Lis | SOU","Goalkeeper",4,NA,NA,NA,NA,NA,NA,NA,3.25,"Mateusz Lis","Lis","Southampton",3,NA,"SOU"
330,"Jensen | BRE","Midfielder",5,1.40540540540541,40.5405405405405,2.29459459459459,6.08648648648649,2.70165707869455,3.16103482991457,7.2370318970643,3,"Mathias Jensen","Jensen","Brentford",3,"MID","BRE"
331,"Šarkić | WOL","Goalkeeper",4,NA,NA,NA,NA,NA,NA,NA,3.25,"Matija Šarkić","Šarkić","Wolves",3,NA,"WOL"
332,"Doherty | TOT","Defender",5,1.52,28.12,1.75466666666667,7.15733333333333,1.72763681784272,1.39496940374374,6.12615925213322,3.125,"Matt Doherty","Doherty","Spurs",4,"DEF","TOT"
333,"Ritchie | NEW","Defender",4.5,0.96,35.7333333333333,1.96933333333333,6.01066666666667,0.348193153738976,2.22853455739096,4.04557554097846,3.25,"Matt Ritchie","Ritchie","Newcastle",3,"MID","NEW"
334,"Targett | NEW","Defender",5,3.08,82.4666666666667,3.67066666666667,16.536,0.64770217705518,3.33173495857045,8.38094505481422,3.25,"Matt Targett","Targett","Newcastle",3,"DEF","NEW"
335,"Turner | ARS","Goalkeeper",4,NA,NA,NA,NA,NA,NA,NA,2.875,"Matt Turner","Turner","Arsenal",4,NA,"ARS"
336,"Cash | AVL","Defender",5,3.13513513513513,75.2702702702703,3.41891891891892,16.0837837837838,1.36557460855693,2.40398856438696,8.80013584764674,3.25,"Matty Cash","Cash","Aston Villa",3,"DEF","AVL"
337,"Kilman | WOL","Defender",4.5,2.18666666666667,53.2666666666667,1.67866666666667,11.1653333333333,0.842820196412504,0.228981875348836,3.63107860460877,3.25,"Max Kilman","Kilman","Wolves",3,"DEF","WOL"
338,"Keane | EVE","Defender",4.5,3.01351351351351,76.8918918918919,2.81216216216216,19.5486486486487,1.35388811910525,1.21244053076953,5.09988155495375,3.25,"Michael Keane","Keane","Everton",3,"DEF","EVE"
339,"Olise | CRY","Midfielder",5.5,2.02777777777778,31.3055555555556,2.68055555555556,8.56111111111111,1.4879501760006,4.96261968463659,7.78707505390048,3.75,"Michael Olise","Olise","Crystal Palace",3,"MID","CRY"
340,"Antonio | WHU","Forward",7.5,3.37333333333333,64.76,5.776,14.7946666666667,13.4637308605015,4.48078209720552,20.1739210961387,3.375,"Michail Antonio","Antonio","West Ham",3,"FWD","WHU"
341,"Almirón | NEW","Midfielder",5,2.04,54.0933333333333,2.78533333333333,8.86666666666667,2.61071865539998,2.068880911218,7.46555996872485,3.25,"Miguel Almirón Rejala","Almirón","Newcastle",3,"MID","NEW"
342,"Dräger | NFO","Defender",4,NA,NA,NA,NA,NA,NA,NA,3,"Mohamed Dräger","Dräger","Nott'm Forest",2,NA,"NFO"
343,"Elneny | ARS","Midfielder",4.5,1,29.9866666666667,0.866666666666667,4.45333333333333,0.316130101680756,0.326349797658622,4.18341986462474,2.875,"Mohamed Elneny","Elneny","Arsenal",4,"MID","ARS"
344,"Elyounoussi | SOU","Midfielder",5.5,2.37837837837838,52.6756756756757,3.84324324324324,10.1621621621622,6.58014074340463,2.2278632260859,8.98266171105206,3.25,"Mohamed Elyounoussi","Elyounoussi","Southampton",3,"MID","SOU"
345,"Salah | LIV","Midfielder",13,6.61333333333333,77.8,10.704,30.1306666666667,22.3075719391927,8.15967328567058,30.5635203570127,3,"Mohamed Salah","Salah","Liverpool",5,"MID","LIV"
346,"Salisu | SOU","Defender",4.5,0.946666666666667,49.6266666666667,1.85466666666667,11.688,1.1357165388763,0.358309489674866,5.00762781500816,3.25,"Mohammed Salisu","Salisu","Southampton",3,"DEF","SOU"
347,"Caicedo | BHA","Midfielder",5,0.471698113207547,11.0754716981132,0.441509433962264,2.42264150943396,0.639353285543621,0.232119772583246,3.08623156975955,2.75,"Moisés Caicedo Corozo","Caicedo","Brighton",3,"MID","BHA"
348,"Gibbs-White | WOL","Midfielder",5.5,0.306666666666667,5.52,0.445333333333333,1.13333333333333,0.456604558974504,0.203471895307302,0.927028943784535,3.25,"Morgan Gibbs-White","Gibbs-White","Wolves",3,"MID","WOL"
349,"Sanson | AVL","Midfielder",4.5,0.410714285714286,11.375,0.278571428571429,1.40357142857143,0.0190838477574289,0.0683292532339692,0.573057199828327,3.25,"Morgan Sanson","Sanson","Aston Villa",3,"MID","AVL"
350,"Djenepo | SOU","Midfielder",5,0.786666666666667,22.4133333333333,0.932,2.976,1.03487528767437,0.335821949876845,2.70472254045308,3.25,"Moussa Djenepo","Djenepo","Southampton",3,"MID","SOU"
351,"Niakhaté | NFO","Defender",4.5,NA,NA,NA,NA,NA,NA,NA,3,"Moussa Niakhaté","Niakhaté","Nott'm Forest",2,NA,"NFO"
352,"Kanté | CHE","Midfielder",5,1.86666666666667,51.1733333333333,2.54666666666667,11.6773333333333,1.23271768633276,1.70384967839345,11.3789109829813,3.125,"N'Golo Kanté","Kanté","Chelsea",4,"MID","CHE"
353,"Keita | LIV","Midfielder",5,1.05333333333333,22.3866666666667,1.39733333333333,4.88,1.26902252156287,1.3626818601042,5.68890420906246,3,"Naby Keita","Keita","Liverpool",5,"MID","LIV"
354,"Mendy | LEI","Midfielder",4.5,0.837837837837837,31.7432432432433,0.559459459459459,3.0027027027027,0.050002614967525,0.105170564725995,2.98365521244705,3.5,"Nampalys Mendy","Mendy","Leicester",3,"MID","LEI"
355,"Aké | MCI","Defender",5,1.10666666666667,22.88,0.834666666666667,5.34666666666667,0.904405600391328,0.317252464592457,4.42272771615535,2.875,"Nathan Aké","Aké","Man City",5,"DEF","MCI"
356,"Ferguson | CRY","Defender",4,0.0135135135135135,0.108108108108108,0,0.0027027027027027,0,0,0,3.75,"Nathan Ferguson","Ferguson","Crystal Palace",3,"DEF","CRY"
357,"Patterson | EVE","Defender",4,NA,NA,NA,NA,NA,NA,NA,3.25,"Nathan Patterson","Patterson","Everton",3,NA,"EVE"
358,"Redmond | SOU","Midfielder",5.5,1.82666666666667,46.1866666666667,2.964,7.728,2.73298065224662,3.71191293932498,8.18821064941585,3.25,"Nathan Redmond","Redmond","Southampton",3,"MID","SOU"
359,"Tella | SOU","Midfielder",5,0.813333333333333,19.56,0.882666666666667,2.01333333333333,1.33246413618326,0.860416121780872,2.1202795682475,3.25,"Nathan Tella","Tella","Southampton",3,"MID","SOU"
360,"Chalobah | FUL","Midfielder",4.5,0,0,0,0,NA,NA,NA,3.5,"Nathaniel Chalobah","Chalobah","Fulham",2,"MID","FUL"
361,"Clyne | CRY","Defender",4.5,1.2,33.0857142857143,0.758571428571428,4.38857142857143,0.094979084096849,0.268953499384224,1.79722603596747,3.75,"Nathaniel Clyne","Clyne","Crystal Palace",3,"DEF","CRY"
362,"Phillips | LIV","Defender",4,0.971428571428571,20.7857142857143,0.858571428571428,5.37714285714285,1.02770886942744,0.916556781157851,4.32566111721098,3,"Nathaniel Phillips","Phillips","Liverpool",5,"DEF","LIV"
363,"Aguerd | WHU","Defender",5,NA,NA,NA,NA,NA,NA,NA,3.375,"Nayef Aguerd","Aguerd","West Ham",3,NA,"WHU"
364,"Maupay | BHA","Forward",6.5,2.70666666666667,63.6933333333333,4.47866666666667,10.7946666666667,11.0078049283475,3.36000609211624,15.244064386934,2.75,"Neal Maupay","Maupay","Brighton",3,"FWD","BHA"
365,"N.Williams | LIV","Defender",4,0.2,3.38666666666667,0.204,0.802666666666666,0.0431126039475203,0.394790410995483,0.835412150248885,3,"Neco Williams","N.Williams","Liverpool",5,"DEF","LIV"
366,"Kebano | FUL","Midfielder",5.5,NA,NA,NA,NA,NA,NA,NA,3.5,"Neeskens Kebano","Kebano","Fulham",2,NA,"FUL"
367,"Semedo | WOL","Defender",5,2.78082191780822,70.0547945205479,3.02739726027397,12.8958904109589,1.34995617344975,1.13284024363384,6.48901560017839,3.25,"Nélson Cabral Semedo","Semedo","Wolves",3,"DEF","WOL"
368,"Pope | NEW","Goalkeeper",5,3.59459459459459,80.2702702702703,2.25540540540541,21.9783783783784,0,0.0783313997089863,2.26043889950961,3.25,"Nick Pope","Pope","Newcastle",3,"GK","NEW"
369,"Pépé | ARS","Midfielder",5.5,2.10666666666667,30.2666666666667,2.92666666666667,7.992,4.72442814940587,1.17155170673504,7.43388123903424,2.875,"Nicolas Pépé","Pépé","Arsenal",4,"MID","ARS"
370,"Nkounkou | EVE","Defender",4,0.0289855072463768,1.15942028985507,0.0318840579710145,0.217391304347826,0.0169598218053579,0,0.030957642942667,3.25,"Niels Nkounkou","Nkounkou","Everton",3,"DEF","EVE"
371,"Vlasic | WHU","Midfielder",5,0.88235294117647,16.1470588235294,0.95,2.51176470588235,0.905694268643856,0.606604680418968,2.34332082327455,3.375,"Nikola Vlasic","Vlasic","West Ham",3,"MID","WHU"
372,"Tavares | ARS","Defender",4.5,1.27027027027027,29.945945945946,1.4972972972973,5.04324324324324,1.75629693921655,1.06453003454953,6.06093447096646,2.875,"Nuno Varela Tavares","Tavares","Arsenal",4,"DEF","ARS"
373,"Edouard | CRY","Forward",5.5,2.63636363636364,46.5151515151515,3.77878787878788,11.5818181818182,6.5335856564343,2.17193251289427,10.2044691443443,3.75,"Odsonne Edouard","Edouard","Crystal Palace",3,"FWD","CRY"
374,"Zinchenko | MCI","Defender",5,1.69333333333333,32.36,1.56133333333333,6.416,0.574077277909964,1.69775990862399,10.7955656144768,2.875,"Oleksandr Zinchenko","Zinchenko","Man City",5,"DEF","MCI"
375,"Skipp | TOT","Midfielder",4.5,0.453333333333333,17.9466666666667,0.498666666666667,2.45066666666667,0.146364355459809,0.762886200100183,6.27873121201992,3.125,"Oliver Skipp","Skipp","Spurs",4,"MID","TOT"
376,"Watkins | AVL","Forward",7.5,3.90540540540541,82.5810810810811,7.28378378378378,18.5972972972973,13.8891643807292,4.15581972198561,19.5812670616433,3.25,"Ollie Watkins","Watkins","Aston Villa",3,"FWD","AVL"
377,"Romeu | SOU","Midfielder",5,1.85333333333333,61.7733333333333,2.628,11.6586666666667,0.974520393181592,2.28744258359075,8.46588432975113,3.25,"Oriol Romeu Vidal","Romeu","Southampton",3,"MID","SOU"
378,"Fornals | WHU","Midfielder",5.5,3.16,70.3466666666667,4.40666666666667,13.6933333333333,5.94342902582139,4.2500190907158,16.9973101709038,3.375,"Pablo Fornals Malla","Fornals","West Ham",3,"MID","WHU"
379,"Pablo Marí | ARS","Defender",4.5,0.466666666666667,14.4,0.38,2.91466666666667,0.0360454432666302,0.240367693826556,1.99042471498251,2.875,"Pablo Marí Villar","Pablo Marí","Arsenal",4,"DEF","ARS"
380,"Sarr | TOT","Midfielder",4.5,NA,NA,NA,NA,NA,NA,NA,3.125,"Pape Matar Sarr","Sarr","Spurs",4,NA,"TOT"
381,"Gross | BHA","Midfielder",5.5,2.69333333333333,58.96,4.98533333333333,13.672,3.93793276138604,5.57928137527779,10.1755052665249,2.75,"Pascal Groß","Gross","Brighton",3,"MID","BHA"
382,"Struijk | LEE","Defender",4.5,1.32,54.8666666666667,2.04266666666667,12.8026666666667,2.16416563373059,0.269772551255301,6.0665721129626,3.125,"Pascal Struijk","Struijk","Leeds",2,"DEF","LEE"
383,"Bamford | LEE","Forward",7.5,2.96,48.12,4.3,13.24,10.6996424477547,2.40689058648422,13.5551139554009,3.125,"Patrick Bamford","Bamford","Leeds",2,"FWD","LEE"
384,"Daka | LEI","Forward",6,1.91666666666667,31.75,2.46111111111111,7.85,5.10979438386858,1.81952631473541,7.50391781330109,3.5,"Patson Daka","Daka","Leicester",3,"FWD","LEI"
385,"Dummett | NEW","Defender",4,0.626666666666666,19.3466666666667,0.552,3.98133333333333,0.222046166658401,0.114572447258979,1.65571314655244,3.25,"Paul Dummett","Dummett","Newcastle",3,"DEF","NEW"
386,"Gazzaniga | FUL","Goalkeeper",4,NA,NA,NA,NA,NA,NA,NA,3.5,"Paulo Gazzaniga Farias","Gazzaniga","Fulham",2,NA,"FUL"
387,"Neto | WOL","Midfielder",5.5,1.92,39.12,3.60533333333333,8.77866666666667,3.56584610696882,3.61675813887268,7.22410160116851,3.25,"Pedro Lomba Neto","Neto","Wolves",3,"MID","WOL"
388,"Foden | MCI","Midfielder",8,3.62666666666667,49.76,5.356,15.2533333333333,7.6733182426542,5.79151101969182,16.5547392629087,2.875,"Phil Foden","Foden","Man City",5,"MID","MCI"
389,"Jones | MUN","Defender",4,0.0625,2.515625,0.0859375,0.828125,0,0,0.14934715628624,3.25,"Phil Jones","Jones","Man Utd",4,"DEF","MUN"
390,"Billing | BOU","Midfielder",5.5,NA,NA,NA,NA,NA,NA,NA,3.5,"Philip Billing","Billing","Bournemouth",2,NA,"BOU"
391,"Coutinho | AVL","Midfielder",7,4.70588235294118,71.7058823529412,5.86470588235294,17.6,3.36697178613394,2.93284748215228,8.86880829092115,3.25,"Philippe Coutinho Correia","Coutinho","Aston Villa",3,"MID","AVL"
392,"Højbjerg | TOT","Midfielder",5.5,2.84,87.0133333333333,3.43333333333333,18.7386666666667,1.89122933149338,2.14706643624231,20.1594919515774,3.125,"Pierre-Emile Højbjerg","Højbjerg","Spurs",4,"MID","TOT"
393,"Jansson | BRE","Defender",4.5,3.27027027027027,87.3243243243243,3.5,20.2864864864865,4.59342301823199,0.560582501813769,5.38751737773418,3,"Pontus Jansson","Jansson","Brentford",3,"DEF","BRE"
394,"Sterling | MCI","Midfielder",10,4.22666666666667,62.0666666666667,6.78266666666667,18.3093333333333,13.9144049854949,5.82681757211685,24.4896195400506,2.875,"Raheem Sterling","Sterling","Man City",5,"MID","MCI"
395,"Raphinha | LEE","Midfielder",7,3.88732394366197,73.0140845070423,6.92957746478873,20.1464788732394,8.22484280727804,8.23200214654207,16.8976656189188,3.125,"Raphael Dias Belloli","Raphinha","Leeds",2,"MID","LEE"
396,"Varane | MUN","Defender",5,2.02702702702703,49.4324324324324,1.58108108108108,10.8756756756757,0.749500446021557,0.213959658518434,5.67289980873466,3.25,"Raphaël Varane","Varane","Man Utd",4,"DEF","MUN"
397,"Kristensen | LEE","Defender",5,NA,NA,NA,NA,NA,NA,NA,3.125,"Rasmus Kristensen","Kristensen","Leeds",2,NA,"LEE"
398,"Jiménez | WOL","Forward",7,1.89333333333333,44.8533333333333,2.86666666666667,8.10933333333333,4.71614547865465,2.01349087338895,7.98719339258969,3.25,"Raúl Jiménez","Jiménez","Wolves",3,"FWD","WOL"
399,"Aït-Nouri | WOL","Defender",4.5,1.83098591549296,44.169014084507,2.03943661971831,8.05915492957747,0.529115829151124,1.21802672790363,3.595016005449,3.25,"Rayan Aït-Nouri","Aït-Nouri","Wolves",3,"DEF","WOL"
400,"James | CHE","Defender",6,3.28,55.2,4.284,14.3546666666667,2.03904253616929,5.34013802325353,13.8502574134618,3.125,"Reece James","James","Chelsea",4,"DEF","CHE"
401,"Nelson | ARS","Midfielder",5,0.04,1.18666666666667,0.08,0.109333333333333,0.0471753347665071,0.0302946511656046,0.230128599330783,2.875,"Reiss Nelson","Nelson","Arsenal",4,"MID","ARS"
402,"Matthews | CRY","Goalkeeper",4,NA,NA,NA,NA,NA,NA,NA,3.75,"Remi Matthews","Matthews","Crystal Palace",3,NA,"CRY"
403,"R.Williams | LIV","Defender",4,0.405797101449275,9.55072463768116,0.295652173913044,1.61739130434783,0.553240098059177,0.222205340862274,2.30601574480534,3,"Rhys Williams","R.Williams","Liverpool",5,"DEF","LIV"
404,"Ricardo | LEI","Defender",4.5,0.837837837837838,26.2702702702703,1.33783783783784,5.88378378378378,0.470821341499686,1.08163669984788,4.75533273629844,3.5,"Ricardo Barbosa Pereira","Ricardo","Leicester",3,"DEF","LEI"
405,"Richarlison | TOT","Forward",8.5,3.0945945945946,70.3243243243243,5.27837837837838,15.3432432432432,10.3420167728327,3.88927593640983,13.8171893032268,3.125,"Richarlison de Andrade","Richarlison","Spurs",4,"FWD","TOT"
406,"Laryea | NFO","Defender",4.5,NA,NA,NA,NA,NA,NA,NA,3,"Richie Laryea","Laryea","Nott'm Forest",2,NA,"NFO"
407,"Henry | BRE","Defender",4.5,2.72972972972973,72.5675675675676,2.3972972972973,10.8,1.89993586670607,1.87244321964681,9.12815914675593,3,"Rico Henry","Henry","Brentford",3,"DEF","BRE"
408,"Mahrez | MCI","Midfielder",8,3.69333333333333,44.5333333333333,5.472,16.0533333333333,8.1780155855231,5.00967360613868,16.6066188020632,2.875,"Riyad Mahrez","Mahrez","Man City",5,"MID","MCI"
409,"Holding | ARS","Defender",4.5,1.78666666666667,45.2933333333333,1.43466666666667,11.2666666666667,0.647258974611759,0.100341388955712,4.78538691811264,2.875,"Rob Holding","Holding","Arsenal",4,"DEF","ARS"
410,"Kenedy | CHE","Defender",4,0.285714285714286,4.14285714285714,0,0,0.0535646490752697,0.748235881328583,0.504870057106018,3.125,"Robert Kenedy Nunes do Nascimento","Kenedy","Chelsea",4,"DEF","CHE"
411,"Sánchez | BHA","Goalkeeper",4.5,3.2463768115942,82.1739130434783,1.99420289855072,19.2927536231884,0,0.33093084488064,4.09650210104883,2.75,"Robert Sánchez","Sánchez","Brighton",3,"GK","BHA"
412,"Firmino | LIV","Forward",8,2.68,49.8,4.9,13.6586666666667,9.05674013867974,4.16784360352904,18.6343493480235,3,"Roberto Firmino","Firmino","Liverpool",5,"FWD","LIV"
413,"Koch | LEE","Defender",4.5,0.786666666666667,35.1333333333333,1.03066666666667,5.64533333333333,0.800472490256652,0.20304193533957,4.3528207920026,3.125,"Robin Koch","Koch","Leeds",2,"DEF","LEE"
414,"Olsen | AVL","Goalkeeper",4,0.52,14.4,0.334,3.328,0,0,0.449755359441042,3.25,"Robin Olsen","Olsen","Aston Villa",3,"GK","AVL"
415,"Bentancur | TOT","Midfielder",5.5,2.88235294117647,74.7058823529412,3.12941176470588,15.2823529411765,0.578462369740009,3.09296851046383,12.1660865256563,3.125,"Rodrigo Bentancur","Bentancur","Spurs",4,"MID","TOT"
416,"Rodri | MCI","Midfielder",6,2.84,73.88,4.15333333333333,17.6453333333333,2.68907868070528,1.94378091860563,23.5585458949208,2.875,"Rodrigo Hernandez","Rodri","Man City",5,"MID","MCI"
417,"Rodrigo | LEE","Midfielder",6,2.30666666666667,46.0266666666667,3.82933333333333,10.864,5.68314252607524,3.42287072725594,10.8337201159447,3.125,"Rodrigo Moreno","Rodrigo","Leeds",2,"FWD","LEE"
418,"Muniz | FUL","Forward",5.5,NA,NA,NA,NA,NA,NA,NA,3.5,"Rodrigo Muniz Carvalho","Muniz","Fulham",2,NA,"FUL"
419,"Perraud | SOU","Defender",4.5,1.02702702702703,43.8108108108108,1.41621621621622,5.27567567567568,0.730577018111944,0.404051293618977,3.15803028456867,3.25,"Romain Perraud","Perraud","Southampton",3,"DEF","SOU"
420,"Lavia | SOU","Midfielder",4.5,NA,NA,NA,NA,NA,NA,NA,3.25,"Roméo Lavia","Lavia","Southampton",3,NA,"SOU"
421,"Barkley | CHE","Midfielder",5,1.18421052631579,22.8947368421053,1.90657894736842,3.86052631578948,2.53064846759662,2.49077418353409,6.80769058084115,3.125,"Ross Barkley","Barkley","Chelsea",4,"MID","CHE"
422,"Neves | WOL","Midfielder",5.5,2.62666666666667,69.8533333333333,3.75866666666667,17.3013333333333,2.93249332346022,2.15238037658855,7.62285222299397,3.25,"Rúben da Silva Neves","Neves","Wolves",3,"MID","WOL"
423,"Dias | MCI","Defender",6,3.87671232876712,71.8356164383562,2.79315068493151,16.8876712328767,2.24402970122173,1.63179325219244,16.8111422434449,2.875,"Rúben Gato Alves Dias","Dias","Man City",5,"DEF","MCI"
424,"Loftus-Cheek | CHE","Midfielder",5,1.56,44.3733333333333,2.25066666666667,6.408,2.13599498569965,1.90049686282873,7.85545231867582,3.125,"Ruben Loftus-Cheek","Loftus-Cheek","Chelsea",4,"MID","CHE"
425,"Bertrand | LEI","Defender",4,1.10810810810811,39.6621621621622,1.06216216216216,4.79459459459459,0.187459983862936,0.697648723609746,3.52279054839164,3.5,"Ryan Bertrand","Bertrand","Leicester",3,"DEF","LEI"
426,"Christie | BOU","Midfielder",5.5,NA,NA,NA,NA,NA,NA,NA,3.5,"Ryan Christie","Christie","Bournemouth",2,NA,"BOU"
427,"Fraser | NEW","Midfielder",5.5,1.54666666666667,31.5733333333333,2.212,5.15733333333333,1.88490002974868,2.16163472272456,4.78522958466783,3.25,"Ryan Fraser","Fraser","Newcastle",3,"MID","NEW"
428,"Fredericks | BOU","Defender",4.5,0.466666666666667,11.56,0.646666666666667,2.464,0.107168728485703,0.707673930563033,0.832991939038038,3.5,"Ryan Fredericks","Fredericks","Bournemouth",2,"DEF","BOU"
429,"R.Sessegnon | TOT","Defender",4.5,0.64,12.7466666666667,0.464,1.86933333333334,0.38443486392498,3.27563747670501,7.32105651497841,3.125,"Ryan Sessegnon","R.Sessegnon","Spurs",4,"DEF","TOT"
430,"Yates | NFO","Midfielder",5,NA,NA,NA,NA,NA,NA,NA,3,"Ryan Yates","Yates","Nott'm Forest",2,NA,"NFO"
431,"Benrahma | WHU","Midfielder",6,3.01428571428571,50.5428571428571,4.03142857142857,12.3142857142857,4.30548346647993,4.94333265954629,12.1293390546925,3.375,"Saïd Benrahma","Benrahma","West Ham",3,"MID","WHU"
432,"Rondón | EVE","Forward",5,0.96969696969697,23.5151515151515,1.63030303030303,2.85454545454545,2.64042209926993,0.612395538017154,3.71541354060173,3.25,"Salomón Rondón","Rondón","Everton",3,"FWD","EVE"
433,"Greenwood | LEE","Forward",4.5,0.325581395348837,5.2093023255814,0.3,1.19069767441861,0.225983940064907,0.431480415165424,1.22564665973186,3.125,"Sam Greenwood","Greenwood","Leeds",2,"FWD","LEE"
434,"Johnstone | CRY","Goalkeeper",4.5,NA,NA,NA,NA,NA,NA,NA,3.75,"Sam Johnstone","Johnstone","Crystal Palace",3,NA,"CRY"
435,"Surridge | NFO","Forward",5,NA,NA,NA,NA,NA,NA,NA,3,"Sam Surridge","Surridge","Nott'm Forest",2,NA,"NFO"
436,"Ghoddos | BRE","Midfielder",5,0.810810810810811,14.1621621621622,0.972972972972973,3.47027027027027,0.712070431560278,1.19071955420077,3.16785884276032,3,"Saman Ghoddos","Ghoddos","Brentford",3,"MID","BRE"
437,"Carson | MCI","Goalkeeper",4,0.116666666666667,1.5,0.0616666666666666,0.623333333333333,0,0,0,2.875,"Scott Carson","Carson","Man City",5,"GK","MCI"
438,"McKenna | NFO","Defender",4.5,NA,NA,NA,NA,NA,NA,NA,3,"Scott McKenna","McKenna","Nott'm Forest",2,NA,"NFO"
439,"McTominay | MUN","Midfielder",5,2.0921052631579,59.3421052631579,2.81973684210526,12.9815789473684,1.66232292633504,1.89997172541916,9.65387942641973,3.25,"Scott McTominay","McTominay","Man Utd",4,"MID","MUN"
440,"Coleman | EVE","Defender",4.5,2.16216216216216,55.2702702702703,2.15810810810811,10.3918918918919,1.03483433788642,1.1519137644209,5.44188650837168,3.25,"Seamus Coleman","Coleman","Everton",3,"DEF","EVE"
441,"S.Longstaff | NEW","Midfielder",4.5,1.14666666666667,36.9733333333333,1.188,5.272,0.80198931787163,0.702152751386166,3.45997991226614,3.25,"Sean Longstaff","S.Longstaff","Newcastle",3,"MID","NEW"
442,"Van den Berg | LIV","Defender",4,NA,NA,NA,NA,NA,NA,NA,3,"Sepp van den Berg","Van den Berg","Liverpool",5,NA,"LIV"
443,"Canós | BRE","Defender",5,2.18918918918919,56.1351351351351,2.87837837837838,9.70810810810811,3.48991823196411,2.16649503260851,6.95505601912737,3,"Sergi Canós Tenés","Canós","Brentford",3,"MID","BRE"
444,"Reguilón | TOT","Defender",4.5,2.64383561643836,56.958904109589,3.03835616438356,11.3698630136986,2.06561850011349,2.81499579455703,8.99456392694265,3.125,"Sergio Reguilón","Reguilón","Spurs",4,"DEF","TOT"
445,"Baptiste | BRE","Midfielder",4.5,0.945945945945946,24.2702702702703,1.07027027027027,3.58918918918919,0.578381357714534,0.54543586447835,2.33603840786964,3,"Shandon Baptiste","Baptiste","Brentford",3,"MID","BRE"
446,"Duffy | BHA","Defender",4.5,0.64,19.12,0.962666666666667,5.07466666666666,0.907704390585422,0.103009384125471,3.51753839291632,2.75,"Shane Duffy","Duffy","Brighton",3,"DEF","BHA"
447,"Dembélé | BOU","Midfielder",5,NA,NA,NA,NA,NA,NA,NA,3.5,"Siriki Dembélé","Dembélé","Bournemouth",2,NA,"BOU"
448,"March | BHA","Midfielder",5,0.157894736842105,1.26315789473684,0.00526315789473684,0.0105263157894737,0,0,0,2.75,"Solly March","March","Brighton",3,"MID","BHA"
449,"Son | TOT","Midfielder",12,6.44,80.5066666666667,8.572,28.8373333333333,14.0077303033322,8.67997300345451,25.1483456213027,3.125,"Son Heung-min","Son","Spurs",4,"MID","TOT"
450,"Ortega | MCI","Goalkeeper",4,NA,NA,NA,NA,NA,NA,NA,2.875,"Stefan Ortega Moreno","Ortega","Man City",5,NA,"MCI"
451,"Cook | NFO","Defender",4.5,NA,NA,NA,NA,NA,NA,NA,3,"Steve Cook","Cook","Nott'm Forest",2,NA,"NFO"
452,"Alzate | BHA","Midfielder",4.5,0.64,17.24,0.678666666666667,2.69866666666667,0.457639414817095,0.534795731306076,2.2193719772622,2.75,"Steven Alzate","Alzate","Brighton",3,"MID","BHA"
453,"Bergwijn | TOT","Midfielder",5.5,1.46666666666667,23.3333333333333,1.42,4.33333333333333,2.71428626216948,0.852691621519625,4.81180584430695,3.125,"Steven Bergwijn","Bergwijn","Spurs",4,"MID","TOT"
454,"S.Armstrong | SOU","Midfielder",5,2.28,56.1333333333333,3.30133333333333,10.5413333333333,2.70096065336838,2.26077251229435,8.28219419904053,3.25,"Stuart Armstrong","S.Armstrong","Southampton",3,"MID","SOU"
455,"Dallas | LEE","Defender",5,3.34666666666667,84.4,4.21333333333333,18.3013333333333,3.14629561686888,2.73212979082018,14.015006496571,3.125,"Stuart Dallas","Dallas","Leeds",2,"MID","LEE"
456,"Botman | NEW","Defender",4.5,NA,NA,NA,NA,NA,NA,NA,3.25,"Sven Botman","Botman","Newcastle",3,NA,"NEW"
457,"Awoniyi | NFO","Forward",6,NA,NA,NA,NA,NA,NA,NA,3,"Taiwo Awoniyi","Awoniyi","Nott'm Forest",2,NA,"NFO"
458,"Tomiyasu | ARS","Defender",4.5,2.17647058823529,48.2941176470588,1.92352941176471,9.01176470588235,0.387237914837897,0.999206688255072,8.34069247171283,2.875,"Takehiro Tomiyasu","Tomiyasu","Arsenal",4,"DEF","ARS"
459,"Lamptey | BHA","Defender",4.5,1.45333333333333,32.4133333333333,1.644,5.25066666666667,0.848735772073269,1.83410499524325,5.24764334410429,2.75,"Tariq Lamptey","Lamptey","Brighton",3,"DEF","BHA"
460,"Richards | BHA","Midfielder",4.5,0.0540540540540541,0.621621621621622,0.0675675675675676,0.124324324324324,0.0214244723320007,0.00731453252956271,0.193769101053476,2.75,"Taylor Richards","Richards","Brighton",3,"MID","BHA"
461,"Kongolo | FUL","Defender",4,NA,NA,NA,NA,NA,NA,NA,3.5,"Terence Kongolo","Kongolo","Fulham",2,NA,"FUL"
462,"Walcott | SOU","Midfielder",5,1.17333333333333,26.7333333333333,1.30266666666667,3.77866666666667,1.57141815312207,0.642502959817648,3.37346826866269,3.25,"Theo Walcott","Walcott","Southampton",3,"MID","SOU"
463,"Thiago | LIV","Midfielder",5.5,1.67567567567568,45.6486486486486,2.83918918918919,10.4513513513514,1.42037437437102,2.56544616213068,12.0097393123433,3,"Thiago Alcántara do Nascimento","Thiago","Liverpool",5,"MID","LIV"
464,"Thiago Silva | CHE","Defender",5.5,3.45945945945946,69.1621621621622,3.01891891891892,20.9027027027027,1.19715339876711,0.272718970663846,12.9443778761197,3.125,"Thiago Emiliano da Silva","Thiago Silva","Chelsea",4,"DEF","CHE"
465,"Partey | ARS","Midfielder",5,1.66197183098592,50.0845070422535,2.31971830985915,9.14084507042254,2.0899994391948,0.994502239860594,8.45689401961863,2.875,"Thomas Partey","Partey","Arsenal",4,"MID","ARS"
466,"Iroegbunam | AVL","Midfielder",4.5,0.173913043478261,3.91304347826087,0.0739130434782609,0.460869565217391,0.100660815834999,0,0.102368425577879,3.25,"Tim Iroegbunam","Iroegbunam","Aston Villa",3,"MID","AVL"
467,"Ream | FUL","Defender",4.5,NA,NA,NA,NA,NA,NA,NA,3.5,"Tim Ream","Ream","Fulham",2,NA,"FUL"
468,"Werner | CHE","Forward",8,2.53333333333333,51.68,4.60266666666667,9.632,9.79962046165019,3.49282701965421,15.1136511620134,3.125,"Timo Werner","Werner","Chelsea",4,"FWD","CHE"
469,"Castagne | LEI","Defender",4.5,2.22972972972973,57.9594594594595,2.26891891891892,11.7162162162162,1.27037314977497,1.69671385362744,6.9740782561712,3.5,"Timothy Castagne","Castagne","Leicester",3,"DEF","LEI"
470,"Livramento | SOU","Defender",4.5,2.16216216216216,59.4594594594595,2.67027027027027,11.8162162162162,1.14555625803769,2.96002293284982,7.63743624463677,3.25,"Tino Livramento","Livramento","Southampton",3,"DEF","SOU"
471,"Cairney | FUL","Midfielder",5,NA,NA,NA,NA,NA,NA,NA,3.5,"Tom Cairney","Cairney","Fulham",2,NA,"FUL"
472,"Davies | EVE","Midfielder",5,0.797297297297297,22.2567567567568,0.671621621621622,3.47297297297297,0.592124882154167,0.478092189878225,2.20829666871578,3.25,"Tom Davies","Davies","Everton",3,"MID","EVE"
473,"Heaton | MUN","Goalkeeper",4,NA,NA,NA,NA,NA,NA,NA,3.25,"Tom Heaton","Heaton","Man Utd",4,NA,"MUN"
474,"Soucek | WHU","Midfielder",5.5,3.45333333333333,85.2133333333333,4.92133333333333,20.2933333333333,7.24342159926891,2.30596782360226,13.272079795599,3.375,"Tomas Soucek","Soucek","West Ham",3,"MID","WHU"
475,"Tosin | FUL","Defender",4.5,NA,NA,NA,NA,NA,NA,NA,3.5,"Tosin Adarabioyo","Tosin","Fulham",2,NA,"FUL"
476,"Toti | WOL","Defender",4,0.222222222222222,15,0.238888888888889,2.31111111111111,0.0366181954741478,0,0.292554758489132,3.25,"Toti António Gomes","Toti","Wolves",3,"DEF","WOL"
477,"Alexander-Arnold | LIV","Defender",7.5,4.90666666666667,78.4266666666667,6.984,21.6906666666667,2.39256485411897,10.6320026689209,22.0995872262865,3,"Trent Alexander-Arnold","Alexander-Arnold","Liverpool",5,"DEF","LIV"
478,"Chalobah | CHE","Defender",5,2.62162162162162,36.6756756756757,1.61351351351351,10.4972972972973,1.17758554406464,0.265964284539223,7.68292647600174,3.125,"Trevoh Chalobah","Chalobah","Chelsea",4,"DEF","CHE"
479,"Parrott | TOT","Forward",4.5,NA,NA,NA,NA,NA,NA,NA,3.125,"Troy Parrott","Parrott","Spurs",4,NA,"TOT"
480,"Adams | LEE","Midfielder",5,NA,NA,NA,NA,NA,NA,NA,3.125,"Tyler Adams","Adams","Leeds",2,NA,"LEE"
481,"Roberts | LEE","Midfielder",5,1.10666666666667,30.7466666666667,1.832,4.664,2.16016781516373,2.00081809330732,5.98018064815551,3.125,"Tyler Roberts","Roberts","Leeds",2,"MID","LEE"
482,"Malacia | MUN","Defender",4.5,NA,NA,NA,NA,NA,NA,NA,3.25,"Tyrell Malacia","Malacia","Man Utd",4,NA,"MUN"
483,"Mitchell | CRY","Defender",4.5,2.21621621621622,62.5810810810811,2.09189189189189,13.0324324324324,0.648459163494408,1.07292044255883,6.72307129297405,3.75,"Tyrick Mitchell","Mitchell","Crystal Palace",3,"DEF","CRY"
484,"Mings | AVL","Defender",4.5,3.28378378378378,83.8108108108108,3.02027027027027,18.9702702702703,1.71861639153212,0.902460797689855,7.58327536750585,3.25,"Tyrone Mings","Mings","Aston Villa",3,"DEF","AVL"
485,"Guaita | CRY","Goalkeeper",4.5,3.28378378378378,80.8783783783784,1.90540540540541,19.0243243243243,0,0,2.34539410471916,3.75,"Vicente Guaita","Guaita","Crystal Palace",3,"GK","CRY"
486,"Lindelöf | MUN","Defender",4.5,2.21052631578947,64.9736842105263,1.63157894736842,12.3184210526316,0.494363722857088,0.529090657830238,7.91816931124777,3.25,"Victor Lindelöf","Lindelöf","Man Utd",4,"DEF","MUN"
487,"Van Dijk | LIV","Defender",6.5,2.64,45.7333333333333,1.97866666666667,10.784,1.36148506589234,0.778666974045336,8.83857925888151,3,"Virgil van Dijk","Van Dijk","Liverpool",5,"DEF","LIV"
488,"Mykolenko | EVE","Defender",4.5,2.10526315789474,46,1.73157894736842,8.65263157894737,0.545276239514351,0.496993726119399,1.9282747656107,3.25,"Vitalii Mykolenko","Mykolenko","Everton",3,"DEF","EVE"
489,"Janelt | BRE","Midfielder",5.5,2.40540540540541,60.8108108108108,3.08378378378378,11.6810810810811,2.98983415123075,1.81680388748646,7.37211263459176,3,"Vitaly Janelt","Janelt","Brentford",3,"MID","BRE"
490,"Coufal | WHU","Defender",4.5,2.77777777777778,71.8194444444444,3.45694444444444,15.3638888888889,0.978164435364306,4.55057406891137,12.6259022373706,3.375,"Vladimir Coufal","Coufal","West Ham",3,"DEF","WHU"
491,"Fofana | LEI","Defender",4.5,1.1830985915493,38.1690140845071,1.21408450704225,8.14647887323944,0.97216984629631,0.159452353604138,5.14710968080908,3.5,"Wesley Fofana","Fofana","Leicester",3,"DEF","LEI"
492,"Ndidi | LEI","Midfielder",5,1.62162162162162,51.2432432432433,1.93513513513514,11.772972972973,0.589810125064105,0.70495570031926,7.36979479203001,3.5,"Wilfred Ndidi","Ndidi","Leicester",3,"MID","LEI"
493,"Zaha | CRY","Midfielder",7,3.78378378378378,70.1486486486486,5.7445945945946,17.4216216216216,9.49427891056985,4.29801848810166,12.8401852399111,3.75,"Wilfried Zaha","Zaha","Crystal Palace",3,"MID","CRY"
494,"Dennis | BOU","Goalkeeper",4,NA,NA,NA,NA,NA,NA,NA,3.5,"Will Dennis","Dennis","Bournemouth",2,NA,"BOU"
495,"Hughes | CRY","Midfielder",5,0.944444444444444,27.6111111111111,0.961111111111111,4.05555555555556,0.13572115637362,0.956846170127392,3.06485087424517,3.75,"Will Hughes","Hughes","Crystal Palace",3,"MID","CRY"
496,"Smallbone | SOU","Midfielder",4.5,NA,NA,NA,NA,NA,NA,NA,3.25,"Will Smallbone","Smallbone","Southampton",3,NA,"SOU"
497,"Saliba | ARS","Defender",4.5,0,0,0,0,NA,NA,NA,2.875,"William Saliba","Saliba","Arsenal",4,"DEF","ARS"
498,"Boly | WOL","Defender",4.5,1.10666666666667,35.8533333333333,1.09466666666667,7.352,0.609556924086064,0.307126346975565,2.69413227867335,3.25,"Willy Boly","Boly","Wolves",3,"DEF","WOL"
499,"Caballero | SOU","Goalkeeper",4,0.05,4.5,0.0966666666666667,0.956666666666667,0,0,0.0717815607786179,3.25,"Willy Caballero","Caballero","Southampton",3,"GK","SOU"
500,"Xande Silva | NFO","Midfielder",5,NA,NA,NA,NA,NA,NA,NA,3,"Xande Nascimento da Costa Silva","Xande Silva","Nott'm Forest",2,NA,"NFO"
501,"Valery | SOU","Defender",4,0.16,6.26666666666666,0.204,1.29066666666667,0.158993446268141,0.173330634832382,0.804632369428873,3.25,"Yan Valery","Valery","Southampton",3,"DEF","SOU"
502,"Mina | EVE","Defender",4.5,1.39189189189189,37.5675675675676,1.30945945945946,8.93243243243244,0.99309956934303,0.0225773081183433,2.63980382587761,3.25,"Yerry Mina","Mina","Everton",3,"DEF","EVE"
503,"Mosquera | WOL","Defender",4,NA,NA,NA,NA,NA,NA,NA,3.25,"Yerson Mosquera Valdelamar","Mosquera","Wolves",3,NA,"WOL"
504,"Wissa | BRE","Midfielder",5.5,2.18918918918919,32.2432432432432,1.94594594594595,7.87567567567568,3.40183012280613,0.670594356954098,4.41632026992738,3,"Yoane Wissa","Wissa","Brentford",3,"MID","BRE"
505,"Tielemans | LEI","Midfielder",6.5,3.36486486486486,79.6621621621622,5.09324324324324,20.6621621621622,4.21734233153984,3.80941750667989,16.6173253115267,3.5,"Youri Tielemans","Tielemans","Leicester",3,"MID","LEI"
506,"Bissouma | TOT","Midfielder",5,1.8,68.4266666666667,2.20666666666667,12.0853333333333,1.06347348238342,0.96303019952029,9.10036727460101,3.125,"Yves Bissouma","Bissouma","Spurs",4,"MID","TOT"
507,"Steffen | MCI","Goalkeeper",4,0.12,2.4,0.044,0.434666666666667,0,0,0.342496797442436,2.875,"Zack Steffen","Steffen","Man City",5,"GK","MCI"
