gk1,gk2
Ramsdale | ARS,Adrián | LIV
Ramsdale | ARS,McCarthy | SOU
Ramsdale | ARS,Alisson | LIV
Ramsdale | ARS,Areola | WHU
Ramsdale | ARS,Begović | EVE
Ramsdale | ARS,Leno | ARS
Ramsdale | ARS,Austin | TOT
Ramsdale | ARS,Samba | NFO
Ramsdale | ARS,Kelleher | LIV
Ramsdale | ARS,Ward | LEI
Ramsdale | ARS,De Gea | MUN
Ramsdale | ARS,Raya | BRE
Ramsdale | ARS,Henderson | NFO
Ramsdale | ARS,Ederson | MCI
Ramsdale | ARS,Mendy | CHE
Ramsdale | ARS,Balcombe | BRE
Ramsdale | ARS,Martínez | AVL
Ramsdale | ARS,Forster | TOT
Ramsdale | ARS,Bazunu | SOU
Ramsdale | ARS,Lloris | TOT
Ramsdale | ARS,Meslier | LEE
Ramsdale | ARS,Butland | CRY
Ramsdale | ARS,Steele | BHA
Ramsdale | ARS,Pickford | EVE
Ramsdale | ARS,Sá | WOL
Ramsdale | ARS,Darlow | NEW
Ramsdale | ARS,Schmeichel | LEI
Ramsdale | ARS,Arrizabalaga | CHE
Ramsdale | ARS,Klaesson | LEE
Ramsdale | ARS,Fabianski | WHU
Ramsdale | ARS,Rodák | FUL
Ramsdale | ARS,Travers | BOU
Ramsdale | ARS,Dubravka | NEW
Ramsdale | ARS,Lis | SOU
Ramsdale | ARS,Šarkić | WOL
Ramsdale | ARS,Turner | ARS
Ramsdale | ARS,Pope | NEW
Ramsdale | ARS,Gazzaniga | FUL
Ramsdale | ARS,Matthews | CRY
Ramsdale | ARS,Sánchez | BHA
Ramsdale | ARS,Olsen | AVL
Ramsdale | ARS,Johnstone | CRY
Ramsdale | ARS,Carson | MCI
Ramsdale | ARS,Ortega | MCI
Ramsdale | ARS,Heaton | MUN
Ramsdale | ARS,Guaita | CRY
Ramsdale | ARS,Dennis | BOU
Ramsdale | ARS,Caballero | SOU
Ramsdale | ARS,Steffen | MCI
Adrián | LIV,Ramsdale | ARS
Adrián | LIV,McCarthy | SOU
Adrián | LIV,Alisson | LIV
Adrián | LIV,Areola | WHU
Adrián | LIV,Begović | EVE
Adrián | LIV,Leno | ARS
Adrián | LIV,Austin | TOT
Adrián | LIV,Samba | NFO
Adrián | LIV,Kelleher | LIV
Adrián | LIV,Ward | LEI
Adrián | LIV,De Gea | MUN
Adrián | LIV,Raya | BRE
Adrián | LIV,Henderson | NFO
Adrián | LIV,Ederson | MCI
Adrián | LIV,Mendy | CHE
Adrián | LIV,Balcombe | BRE
Adrián | LIV,Martínez | AVL
Adrián | LIV,Forster | TOT
Adrián | LIV,Bazunu | SOU
Adrián | LIV,Lloris | TOT
Adrián | LIV,Meslier | LEE
Adrián | LIV,Butland | CRY
Adrián | LIV,Steele | BHA
Adrián | LIV,Pickford | EVE
Adrián | LIV,Sá | WOL
Adrián | LIV,Darlow | NEW
Adrián | LIV,Schmeichel | LEI
Adrián | LIV,Arrizabalaga | CHE
Adrián | LIV,Klaesson | LEE
Adrián | LIV,Fabianski | WHU
Adrián | LIV,Rodák | FUL
Adrián | LIV,Travers | BOU
Adrián | LIV,Dubravka | NEW
Adrián | LIV,Lis | SOU
Adrián | LIV,Šarkić | WOL
Adrián | LIV,Turner | ARS
Adrián | LIV,Pope | NEW
Adrián | LIV,Gazzaniga | FUL
Adrián | LIV,Matthews | CRY
Adrián | LIV,Sánchez | BHA
Adrián | LIV,Olsen | AVL
Adrián | LIV,Johnstone | CRY
Adrián | LIV,Carson | MCI
Adrián | LIV,Ortega | MCI
Adrián | LIV,Heaton | MUN
Adrián | LIV,Guaita | CRY
Adrián | LIV,Dennis | BOU
Adrián | LIV,Caballero | SOU
Adrián | LIV,Steffen | MCI
McCarthy | SOU,Ramsdale | ARS
McCarthy | SOU,Adrián | LIV
McCarthy | SOU,Alisson | LIV
McCarthy | SOU,Areola | WHU
McCarthy | SOU,Begović | EVE
McCarthy | SOU,Leno | ARS
McCarthy | SOU,Austin | TOT
McCarthy | SOU,Samba | NFO
McCarthy | SOU,Kelleher | LIV
McCarthy | SOU,Ward | LEI
McCarthy | SOU,De Gea | MUN
McCarthy | SOU,Raya | BRE
McCarthy | SOU,Henderson | NFO
McCarthy | SOU,Ederson | MCI
McCarthy | SOU,Mendy | CHE
McCarthy | SOU,Balcombe | BRE
McCarthy | SOU,Martínez | AVL
McCarthy | SOU,Forster | TOT
McCarthy | SOU,Bazunu | SOU
McCarthy | SOU,Lloris | TOT
McCarthy | SOU,Meslier | LEE
McCarthy | SOU,Butland | CRY
McCarthy | SOU,Steele | BHA
McCarthy | SOU,Pickford | EVE
McCarthy | SOU,Sá | WOL
McCarthy | SOU,Darlow | NEW
McCarthy | SOU,Schmeichel | LEI
McCarthy | SOU,Arrizabalaga | CHE
McCarthy | SOU,Klaesson | LEE
McCarthy | SOU,Fabianski | WHU
McCarthy | SOU,Rodák | FUL
McCarthy | SOU,Travers | BOU
McCarthy | SOU,Dubravka | NEW
McCarthy | SOU,Lis | SOU
McCarthy | SOU,Šarkić | WOL
McCarthy | SOU,Turner | ARS
McCarthy | SOU,Pope | NEW
McCarthy | SOU,Gazzaniga | FUL
McCarthy | SOU,Matthews | CRY
McCarthy | SOU,Sánchez | BHA
McCarthy | SOU,Olsen | AVL
McCarthy | SOU,Johnstone | CRY
McCarthy | SOU,Carson | MCI
McCarthy | SOU,Ortega | MCI
McCarthy | SOU,Heaton | MUN
McCarthy | SOU,Guaita | CRY
McCarthy | SOU,Dennis | BOU
McCarthy | SOU,Caballero | SOU
McCarthy | SOU,Steffen | MCI
Alisson | LIV,Ramsdale | ARS
Alisson | LIV,Adrián | LIV
Alisson | LIV,McCarthy | SOU
Alisson | LIV,Areola | WHU
Alisson | LIV,Begović | EVE
Alisson | LIV,Leno | ARS
Alisson | LIV,Austin | TOT
Alisson | LIV,Samba | NFO
Alisson | LIV,Kelleher | LIV
Alisson | LIV,Ward | LEI
Alisson | LIV,De Gea | MUN
Alisson | LIV,Raya | BRE
Alisson | LIV,Henderson | NFO
Alisson | LIV,Ederson | MCI
Alisson | LIV,Mendy | CHE
Alisson | LIV,Balcombe | BRE
Alisson | LIV,Martínez | AVL
Alisson | LIV,Forster | TOT
Alisson | LIV,Bazunu | SOU
Alisson | LIV,Lloris | TOT
Alisson | LIV,Meslier | LEE
Alisson | LIV,Butland | CRY
Alisson | LIV,Steele | BHA
Alisson | LIV,Pickford | EVE
Alisson | LIV,Sá | WOL
Alisson | LIV,Darlow | NEW
Alisson | LIV,Schmeichel | LEI
Alisson | LIV,Arrizabalaga | CHE
Alisson | LIV,Klaesson | LEE
Alisson | LIV,Fabianski | WHU
Alisson | LIV,Rodák | FUL
Alisson | LIV,Travers | BOU
Alisson | LIV,Dubravka | NEW
Alisson | LIV,Lis | SOU
Alisson | LIV,Šarkić | WOL
Alisson | LIV,Turner | ARS
Alisson | LIV,Pope | NEW
Alisson | LIV,Gazzaniga | FUL
Alisson | LIV,Matthews | CRY
Alisson | LIV,Sánchez | BHA
Alisson | LIV,Olsen | AVL
Alisson | LIV,Johnstone | CRY
Alisson | LIV,Carson | MCI
Alisson | LIV,Ortega | MCI
Alisson | LIV,Heaton | MUN
Alisson | LIV,Guaita | CRY
Alisson | LIV,Dennis | BOU
Alisson | LIV,Caballero | SOU
Alisson | LIV,Steffen | MCI
Areola | WHU,Ramsdale | ARS
Areola | WHU,Adrián | LIV
Areola | WHU,McCarthy | SOU
Areola | WHU,Alisson | LIV
Areola | WHU,Begović | EVE
Areola | WHU,Leno | ARS
Areola | WHU,Austin | TOT
Areola | WHU,Samba | NFO
Areola | WHU,Kelleher | LIV
Areola | WHU,Ward | LEI
Areola | WHU,De Gea | MUN
Areola | WHU,Raya | BRE
Areola | WHU,Henderson | NFO
Areola | WHU,Ederson | MCI
Areola | WHU,Mendy | CHE
Areola | WHU,Balcombe | BRE
Areola | WHU,Martínez | AVL
Areola | WHU,Forster | TOT
Areola | WHU,Bazunu | SOU
Areola | WHU,Lloris | TOT
Areola | WHU,Meslier | LEE
Areola | WHU,Butland | CRY
Areola | WHU,Steele | BHA
Areola | WHU,Pickford | EVE
Areola | WHU,Sá | WOL
Areola | WHU,Darlow | NEW
Areola | WHU,Schmeichel | LEI
Areola | WHU,Arrizabalaga | CHE
Areola | WHU,Klaesson | LEE
Areola | WHU,Fabianski | WHU
Areola | WHU,Rodák | FUL
Areola | WHU,Travers | BOU
Areola | WHU,Dubravka | NEW
Areola | WHU,Lis | SOU
Areola | WHU,Šarkić | WOL
Areola | WHU,Turner | ARS
Areola | WHU,Pope | NEW
Areola | WHU,Gazzaniga | FUL
Areola | WHU,Matthews | CRY
Areola | WHU,Sánchez | BHA
Areola | WHU,Olsen | AVL
Areola | WHU,Johnstone | CRY
Areola | WHU,Carson | MCI
Areola | WHU,Ortega | MCI
Areola | WHU,Heaton | MUN
Areola | WHU,Guaita | CRY
Areola | WHU,Dennis | BOU
Areola | WHU,Caballero | SOU
Areola | WHU,Steffen | MCI
Begović | EVE,Ramsdale | ARS
Begović | EVE,Adrián | LIV
Begović | EVE,McCarthy | SOU
Begović | EVE,Alisson | LIV
Begović | EVE,Areola | WHU
Begović | EVE,Leno | ARS
Begović | EVE,Austin | TOT
Begović | EVE,Samba | NFO
Begović | EVE,Kelleher | LIV
Begović | EVE,Ward | LEI
Begović | EVE,De Gea | MUN
Begović | EVE,Raya | BRE
Begović | EVE,Henderson | NFO
Begović | EVE,Ederson | MCI
Begović | EVE,Mendy | CHE
Begović | EVE,Balcombe | BRE
Begović | EVE,Martínez | AVL
Begović | EVE,Forster | TOT
Begović | EVE,Bazunu | SOU
Begović | EVE,Lloris | TOT
Begović | EVE,Meslier | LEE
Begović | EVE,Butland | CRY
Begović | EVE,Steele | BHA
Begović | EVE,Pickford | EVE
Begović | EVE,Sá | WOL
Begović | EVE,Darlow | NEW
Begović | EVE,Schmeichel | LEI
Begović | EVE,Arrizabalaga | CHE
Begović | EVE,Klaesson | LEE
Begović | EVE,Fabianski | WHU
Begović | EVE,Rodák | FUL
Begović | EVE,Travers | BOU
Begović | EVE,Dubravka | NEW
Begović | EVE,Lis | SOU
Begović | EVE,Šarkić | WOL
Begović | EVE,Turner | ARS
Begović | EVE,Pope | NEW
Begović | EVE,Gazzaniga | FUL
Begović | EVE,Matthews | CRY
Begović | EVE,Sánchez | BHA
Begović | EVE,Olsen | AVL
Begović | EVE,Johnstone | CRY
Begović | EVE,Carson | MCI
Begović | EVE,Ortega | MCI
Begović | EVE,Heaton | MUN
Begović | EVE,Guaita | CRY
Begović | EVE,Dennis | BOU
Begović | EVE,Caballero | SOU
Begović | EVE,Steffen | MCI
Leno | ARS,Ramsdale | ARS
Leno | ARS,Adrián | LIV
Leno | ARS,McCarthy | SOU
Leno | ARS,Alisson | LIV
Leno | ARS,Areola | WHU
Leno | ARS,Begović | EVE
Leno | ARS,Austin | TOT
Leno | ARS,Samba | NFO
Leno | ARS,Kelleher | LIV
Leno | ARS,Ward | LEI
Leno | ARS,De Gea | MUN
Leno | ARS,Raya | BRE
Leno | ARS,Henderson | NFO
Leno | ARS,Ederson | MCI
Leno | ARS,Mendy | CHE
Leno | ARS,Balcombe | BRE
Leno | ARS,Martínez | AVL
Leno | ARS,Forster | TOT
Leno | ARS,Bazunu | SOU
Leno | ARS,Lloris | TOT
Leno | ARS,Meslier | LEE
Leno | ARS,Butland | CRY
Leno | ARS,Steele | BHA
Leno | ARS,Pickford | EVE
Leno | ARS,Sá | WOL
Leno | ARS,Darlow | NEW
Leno | ARS,Schmeichel | LEI
Leno | ARS,Arrizabalaga | CHE
Leno | ARS,Klaesson | LEE
Leno | ARS,Fabianski | WHU
Leno | ARS,Rodák | FUL
Leno | ARS,Travers | BOU
Leno | ARS,Dubravka | NEW
Leno | ARS,Lis | SOU
Leno | ARS,Šarkić | WOL
Leno | ARS,Turner | ARS
Leno | ARS,Pope | NEW
Leno | ARS,Gazzaniga | FUL
Leno | ARS,Matthews | CRY
Leno | ARS,Sánchez | BHA
Leno | ARS,Olsen | AVL
Leno | ARS,Johnstone | CRY
Leno | ARS,Carson | MCI
Leno | ARS,Ortega | MCI
Leno | ARS,Heaton | MUN
Leno | ARS,Guaita | CRY
Leno | ARS,Dennis | BOU
Leno | ARS,Caballero | SOU
Leno | ARS,Steffen | MCI
Austin | TOT,Ramsdale | ARS
Austin | TOT,Adrián | LIV
Austin | TOT,McCarthy | SOU
Austin | TOT,Alisson | LIV
Austin | TOT,Areola | WHU
Austin | TOT,Begović | EVE
Austin | TOT,Leno | ARS
Austin | TOT,Samba | NFO
Austin | TOT,Kelleher | LIV
Austin | TOT,Ward | LEI
Austin | TOT,De Gea | MUN
Austin | TOT,Raya | BRE
Austin | TOT,Henderson | NFO
Austin | TOT,Ederson | MCI
Austin | TOT,Mendy | CHE
Austin | TOT,Balcombe | BRE
Austin | TOT,Martínez | AVL
Austin | TOT,Forster | TOT
Austin | TOT,Bazunu | SOU
Austin | TOT,Lloris | TOT
Austin | TOT,Meslier | LEE
Austin | TOT,Butland | CRY
Austin | TOT,Steele | BHA
Austin | TOT,Pickford | EVE
Austin | TOT,Sá | WOL
Austin | TOT,Darlow | NEW
Austin | TOT,Schmeichel | LEI
Austin | TOT,Arrizabalaga | CHE
Austin | TOT,Klaesson | LEE
Austin | TOT,Fabianski | WHU
Austin | TOT,Rodák | FUL
Austin | TOT,Travers | BOU
Austin | TOT,Dubravka | NEW
Austin | TOT,Lis | SOU
Austin | TOT,Šarkić | WOL
Austin | TOT,Turner | ARS
Austin | TOT,Pope | NEW
Austin | TOT,Gazzaniga | FUL
Austin | TOT,Matthews | CRY
Austin | TOT,Sánchez | BHA
Austin | TOT,Olsen | AVL
Austin | TOT,Johnstone | CRY
Austin | TOT,Carson | MCI
Austin | TOT,Ortega | MCI
Austin | TOT,Heaton | MUN
Austin | TOT,Guaita | CRY
Austin | TOT,Dennis | BOU
Austin | TOT,Caballero | SOU
Austin | TOT,Steffen | MCI
Samba | NFO,Ramsdale | ARS
Samba | NFO,Adrián | LIV
Samba | NFO,McCarthy | SOU
Samba | NFO,Alisson | LIV
Samba | NFO,Areola | WHU
Samba | NFO,Begović | EVE
Samba | NFO,Leno | ARS
Samba | NFO,Austin | TOT
Samba | NFO,Kelleher | LIV
Samba | NFO,Ward | LEI
Samba | NFO,De Gea | MUN
Samba | NFO,Raya | BRE
Samba | NFO,Henderson | NFO
Samba | NFO,Ederson | MCI
Samba | NFO,Mendy | CHE
Samba | NFO,Balcombe | BRE
Samba | NFO,Martínez | AVL
Samba | NFO,Forster | TOT
Samba | NFO,Bazunu | SOU
Samba | NFO,Lloris | TOT
Samba | NFO,Meslier | LEE
Samba | NFO,Butland | CRY
Samba | NFO,Steele | BHA
Samba | NFO,Pickford | EVE
Samba | NFO,Sá | WOL
Samba | NFO,Darlow | NEW
Samba | NFO,Schmeichel | LEI
Samba | NFO,Arrizabalaga | CHE
Samba | NFO,Klaesson | LEE
Samba | NFO,Fabianski | WHU
Samba | NFO,Rodák | FUL
Samba | NFO,Travers | BOU
Samba | NFO,Dubravka | NEW
Samba | NFO,Lis | SOU
Samba | NFO,Šarkić | WOL
Samba | NFO,Turner | ARS
Samba | NFO,Pope | NEW
Samba | NFO,Gazzaniga | FUL
Samba | NFO,Matthews | CRY
Samba | NFO,Sánchez | BHA
Samba | NFO,Olsen | AVL
Samba | NFO,Johnstone | CRY
Samba | NFO,Carson | MCI
Samba | NFO,Ortega | MCI
Samba | NFO,Heaton | MUN
Samba | NFO,Guaita | CRY
Samba | NFO,Dennis | BOU
Samba | NFO,Caballero | SOU
Samba | NFO,Steffen | MCI
Kelleher | LIV,Ramsdale | ARS
Kelleher | LIV,Adrián | LIV
Kelleher | LIV,McCarthy | SOU
Kelleher | LIV,Alisson | LIV
Kelleher | LIV,Areola | WHU
Kelleher | LIV,Begović | EVE
Kelleher | LIV,Leno | ARS
Kelleher | LIV,Austin | TOT
Kelleher | LIV,Samba | NFO
Kelleher | LIV,Ward | LEI
Kelleher | LIV,De Gea | MUN
Kelleher | LIV,Raya | BRE
Kelleher | LIV,Henderson | NFO
Kelleher | LIV,Ederson | MCI
Kelleher | LIV,Mendy | CHE
Kelleher | LIV,Balcombe | BRE
Kelleher | LIV,Martínez | AVL
Kelleher | LIV,Forster | TOT
Kelleher | LIV,Bazunu | SOU
Kelleher | LIV,Lloris | TOT
Kelleher | LIV,Meslier | LEE
Kelleher | LIV,Butland | CRY
Kelleher | LIV,Steele | BHA
Kelleher | LIV,Pickford | EVE
Kelleher | LIV,Sá | WOL
Kelleher | LIV,Darlow | NEW
Kelleher | LIV,Schmeichel | LEI
Kelleher | LIV,Arrizabalaga | CHE
Kelleher | LIV,Klaesson | LEE
Kelleher | LIV,Fabianski | WHU
Kelleher | LIV,Rodák | FUL
Kelleher | LIV,Travers | BOU
Kelleher | LIV,Dubravka | NEW
Kelleher | LIV,Lis | SOU
Kelleher | LIV,Šarkić | WOL
Kelleher | LIV,Turner | ARS
Kelleher | LIV,Pope | NEW
Kelleher | LIV,Gazzaniga | FUL
Kelleher | LIV,Matthews | CRY
Kelleher | LIV,Sánchez | BHA
Kelleher | LIV,Olsen | AVL
Kelleher | LIV,Johnstone | CRY
Kelleher | LIV,Carson | MCI
Kelleher | LIV,Ortega | MCI
Kelleher | LIV,Heaton | MUN
Kelleher | LIV,Guaita | CRY
Kelleher | LIV,Dennis | BOU
Kelleher | LIV,Caballero | SOU
Kelleher | LIV,Steffen | MCI
Ward | LEI,Ramsdale | ARS
Ward | LEI,Adrián | LIV
Ward | LEI,McCarthy | SOU
Ward | LEI,Alisson | LIV
Ward | LEI,Areola | WHU
Ward | LEI,Begović | EVE
Ward | LEI,Leno | ARS
Ward | LEI,Austin | TOT
Ward | LEI,Samba | NFO
Ward | LEI,Kelleher | LIV
Ward | LEI,De Gea | MUN
Ward | LEI,Raya | BRE
Ward | LEI,Henderson | NFO
Ward | LEI,Ederson | MCI
Ward | LEI,Mendy | CHE
Ward | LEI,Balcombe | BRE
Ward | LEI,Martínez | AVL
Ward | LEI,Forster | TOT
Ward | LEI,Bazunu | SOU
Ward | LEI,Lloris | TOT
Ward | LEI,Meslier | LEE
Ward | LEI,Butland | CRY
Ward | LEI,Steele | BHA
Ward | LEI,Pickford | EVE
Ward | LEI,Sá | WOL
Ward | LEI,Darlow | NEW
Ward | LEI,Schmeichel | LEI
Ward | LEI,Arrizabalaga | CHE
Ward | LEI,Klaesson | LEE
Ward | LEI,Fabianski | WHU
Ward | LEI,Rodák | FUL
Ward | LEI,Travers | BOU
Ward | LEI,Dubravka | NEW
Ward | LEI,Lis | SOU
Ward | LEI,Šarkić | WOL
Ward | LEI,Turner | ARS
Ward | LEI,Pope | NEW
Ward | LEI,Gazzaniga | FUL
Ward | LEI,Matthews | CRY
Ward | LEI,Sánchez | BHA
Ward | LEI,Olsen | AVL
Ward | LEI,Johnstone | CRY
Ward | LEI,Carson | MCI
Ward | LEI,Ortega | MCI
Ward | LEI,Heaton | MUN
Ward | LEI,Guaita | CRY
Ward | LEI,Dennis | BOU
Ward | LEI,Caballero | SOU
Ward | LEI,Steffen | MCI
De Gea | MUN,Ramsdale | ARS
De Gea | MUN,Adrián | LIV
De Gea | MUN,McCarthy | SOU
De Gea | MUN,Alisson | LIV
De Gea | MUN,Areola | WHU
De Gea | MUN,Begović | EVE
De Gea | MUN,Leno | ARS
De Gea | MUN,Austin | TOT
De Gea | MUN,Samba | NFO
De Gea | MUN,Kelleher | LIV
De Gea | MUN,Ward | LEI
De Gea | MUN,Raya | BRE
De Gea | MUN,Henderson | NFO
De Gea | MUN,Ederson | MCI
De Gea | MUN,Mendy | CHE
De Gea | MUN,Balcombe | BRE
De Gea | MUN,Martínez | AVL
De Gea | MUN,Forster | TOT
De Gea | MUN,Bazunu | SOU
De Gea | MUN,Lloris | TOT
De Gea | MUN,Meslier | LEE
De Gea | MUN,Butland | CRY
De Gea | MUN,Steele | BHA
De Gea | MUN,Pickford | EVE
De Gea | MUN,Sá | WOL
De Gea | MUN,Darlow | NEW
De Gea | MUN,Schmeichel | LEI
De Gea | MUN,Arrizabalaga | CHE
De Gea | MUN,Klaesson | LEE
De Gea | MUN,Fabianski | WHU
De Gea | MUN,Rodák | FUL
De Gea | MUN,Travers | BOU
De Gea | MUN,Dubravka | NEW
De Gea | MUN,Lis | SOU
De Gea | MUN,Šarkić | WOL
De Gea | MUN,Turner | ARS
De Gea | MUN,Pope | NEW
De Gea | MUN,Gazzaniga | FUL
De Gea | MUN,Matthews | CRY
De Gea | MUN,Sánchez | BHA
De Gea | MUN,Olsen | AVL
De Gea | MUN,Johnstone | CRY
De Gea | MUN,Carson | MCI
De Gea | MUN,Ortega | MCI
De Gea | MUN,Heaton | MUN
De Gea | MUN,Guaita | CRY
De Gea | MUN,Dennis | BOU
De Gea | MUN,Caballero | SOU
De Gea | MUN,Steffen | MCI
Raya | BRE,Ramsdale | ARS
Raya | BRE,Adrián | LIV
Raya | BRE,McCarthy | SOU
Raya | BRE,Alisson | LIV
Raya | BRE,Areola | WHU
Raya | BRE,Begović | EVE
Raya | BRE,Leno | ARS
Raya | BRE,Austin | TOT
Raya | BRE,Samba | NFO
Raya | BRE,Kelleher | LIV
Raya | BRE,Ward | LEI
Raya | BRE,De Gea | MUN
Raya | BRE,Henderson | NFO
Raya | BRE,Ederson | MCI
Raya | BRE,Mendy | CHE
Raya | BRE,Balcombe | BRE
Raya | BRE,Martínez | AVL
Raya | BRE,Forster | TOT
Raya | BRE,Bazunu | SOU
Raya | BRE,Lloris | TOT
Raya | BRE,Meslier | LEE
Raya | BRE,Butland | CRY
Raya | BRE,Steele | BHA
Raya | BRE,Pickford | EVE
Raya | BRE,Sá | WOL
Raya | BRE,Darlow | NEW
Raya | BRE,Schmeichel | LEI
Raya | BRE,Arrizabalaga | CHE
Raya | BRE,Klaesson | LEE
Raya | BRE,Fabianski | WHU
Raya | BRE,Rodák | FUL
Raya | BRE,Travers | BOU
Raya | BRE,Dubravka | NEW
Raya | BRE,Lis | SOU
Raya | BRE,Šarkić | WOL
Raya | BRE,Turner | ARS
Raya | BRE,Pope | NEW
Raya | BRE,Gazzaniga | FUL
Raya | BRE,Matthews | CRY
Raya | BRE,Sánchez | BHA
Raya | BRE,Olsen | AVL
Raya | BRE,Johnstone | CRY
Raya | BRE,Carson | MCI
Raya | BRE,Ortega | MCI
Raya | BRE,Heaton | MUN
Raya | BRE,Guaita | CRY
Raya | BRE,Dennis | BOU
Raya | BRE,Caballero | SOU
Raya | BRE,Steffen | MCI
Henderson | NFO,Ramsdale | ARS
Henderson | NFO,Adrián | LIV
Henderson | NFO,McCarthy | SOU
Henderson | NFO,Alisson | LIV
Henderson | NFO,Areola | WHU
Henderson | NFO,Begović | EVE
Henderson | NFO,Leno | ARS
Henderson | NFO,Austin | TOT
Henderson | NFO,Samba | NFO
Henderson | NFO,Kelleher | LIV
Henderson | NFO,Ward | LEI
Henderson | NFO,De Gea | MUN
Henderson | NFO,Raya | BRE
Henderson | NFO,Ederson | MCI
Henderson | NFO,Mendy | CHE
Henderson | NFO,Balcombe | BRE
Henderson | NFO,Martínez | AVL
Henderson | NFO,Forster | TOT
Henderson | NFO,Bazunu | SOU
Henderson | NFO,Lloris | TOT
Henderson | NFO,Meslier | LEE
Henderson | NFO,Butland | CRY
Henderson | NFO,Steele | BHA
Henderson | NFO,Pickford | EVE
Henderson | NFO,Sá | WOL
Henderson | NFO,Darlow | NEW
Henderson | NFO,Schmeichel | LEI
Henderson | NFO,Arrizabalaga | CHE
Henderson | NFO,Klaesson | LEE
Henderson | NFO,Fabianski | WHU
Henderson | NFO,Rodák | FUL
Henderson | NFO,Travers | BOU
Henderson | NFO,Dubravka | NEW
Henderson | NFO,Lis | SOU
Henderson | NFO,Šarkić | WOL
Henderson | NFO,Turner | ARS
Henderson | NFO,Pope | NEW
Henderson | NFO,Gazzaniga | FUL
Henderson | NFO,Matthews | CRY
Henderson | NFO,Sánchez | BHA
Henderson | NFO,Olsen | AVL
Henderson | NFO,Johnstone | CRY
Henderson | NFO,Carson | MCI
Henderson | NFO,Ortega | MCI
Henderson | NFO,Heaton | MUN
Henderson | NFO,Guaita | CRY
Henderson | NFO,Dennis | BOU
Henderson | NFO,Caballero | SOU
Henderson | NFO,Steffen | MCI
Ederson | MCI,Ramsdale | ARS
Ederson | MCI,Adrián | LIV
Ederson | MCI,McCarthy | SOU
Ederson | MCI,Alisson | LIV
Ederson | MCI,Areola | WHU
Ederson | MCI,Begović | EVE
Ederson | MCI,Leno | ARS
Ederson | MCI,Austin | TOT
Ederson | MCI,Samba | NFO
Ederson | MCI,Kelleher | LIV
Ederson | MCI,Ward | LEI
Ederson | MCI,De Gea | MUN
Ederson | MCI,Raya | BRE
Ederson | MCI,Henderson | NFO
Ederson | MCI,Mendy | CHE
Ederson | MCI,Balcombe | BRE
Ederson | MCI,Martínez | AVL
Ederson | MCI,Forster | TOT
Ederson | MCI,Bazunu | SOU
Ederson | MCI,Lloris | TOT
Ederson | MCI,Meslier | LEE
Ederson | MCI,Butland | CRY
Ederson | MCI,Steele | BHA
Ederson | MCI,Pickford | EVE
Ederson | MCI,Sá | WOL
Ederson | MCI,Darlow | NEW
Ederson | MCI,Schmeichel | LEI
Ederson | MCI,Arrizabalaga | CHE
Ederson | MCI,Klaesson | LEE
Ederson | MCI,Fabianski | WHU
Ederson | MCI,Rodák | FUL
Ederson | MCI,Travers | BOU
Ederson | MCI,Dubravka | NEW
Ederson | MCI,Lis | SOU
Ederson | MCI,Šarkić | WOL
Ederson | MCI,Turner | ARS
Ederson | MCI,Pope | NEW
Ederson | MCI,Gazzaniga | FUL
Ederson | MCI,Matthews | CRY
Ederson | MCI,Sánchez | BHA
Ederson | MCI,Olsen | AVL
Ederson | MCI,Johnstone | CRY
Ederson | MCI,Carson | MCI
Ederson | MCI,Ortega | MCI
Ederson | MCI,Heaton | MUN
Ederson | MCI,Guaita | CRY
Ederson | MCI,Dennis | BOU
Ederson | MCI,Caballero | SOU
Ederson | MCI,Steffen | MCI
Mendy | CHE,Ramsdale | ARS
Mendy | CHE,Adrián | LIV
Mendy | CHE,McCarthy | SOU
Mendy | CHE,Alisson | LIV
Mendy | CHE,Areola | WHU
Mendy | CHE,Begović | EVE
Mendy | CHE,Leno | ARS
Mendy | CHE,Austin | TOT
Mendy | CHE,Samba | NFO
Mendy | CHE,Kelleher | LIV
Mendy | CHE,Ward | LEI
Mendy | CHE,De Gea | MUN
Mendy | CHE,Raya | BRE
Mendy | CHE,Henderson | NFO
Mendy | CHE,Ederson | MCI
Mendy | CHE,Balcombe | BRE
Mendy | CHE,Martínez | AVL
Mendy | CHE,Forster | TOT
Mendy | CHE,Bazunu | SOU
Mendy | CHE,Lloris | TOT
Mendy | CHE,Meslier | LEE
Mendy | CHE,Butland | CRY
Mendy | CHE,Steele | BHA
Mendy | CHE,Pickford | EVE
Mendy | CHE,Sá | WOL
Mendy | CHE,Darlow | NEW
Mendy | CHE,Schmeichel | LEI
Mendy | CHE,Arrizabalaga | CHE
Mendy | CHE,Klaesson | LEE
Mendy | CHE,Fabianski | WHU
Mendy | CHE,Rodák | FUL
Mendy | CHE,Travers | BOU
Mendy | CHE,Dubravka | NEW
Mendy | CHE,Lis | SOU
Mendy | CHE,Šarkić | WOL
Mendy | CHE,Turner | ARS
Mendy | CHE,Pope | NEW
Mendy | CHE,Gazzaniga | FUL
Mendy | CHE,Matthews | CRY
Mendy | CHE,Sánchez | BHA
Mendy | CHE,Olsen | AVL
Mendy | CHE,Johnstone | CRY
Mendy | CHE,Carson | MCI
Mendy | CHE,Ortega | MCI
Mendy | CHE,Heaton | MUN
Mendy | CHE,Guaita | CRY
Mendy | CHE,Dennis | BOU
Mendy | CHE,Caballero | SOU
Mendy | CHE,Steffen | MCI
Balcombe | BRE,Ramsdale | ARS
Balcombe | BRE,Adrián | LIV
Balcombe | BRE,McCarthy | SOU
Balcombe | BRE,Alisson | LIV
Balcombe | BRE,Areola | WHU
Balcombe | BRE,Begović | EVE
Balcombe | BRE,Leno | ARS
Balcombe | BRE,Austin | TOT
Balcombe | BRE,Samba | NFO
Balcombe | BRE,Kelleher | LIV
Balcombe | BRE,Ward | LEI
Balcombe | BRE,De Gea | MUN
Balcombe | BRE,Raya | BRE
Balcombe | BRE,Henderson | NFO
Balcombe | BRE,Ederson | MCI
Balcombe | BRE,Mendy | CHE
Balcombe | BRE,Martínez | AVL
Balcombe | BRE,Forster | TOT
Balcombe | BRE,Bazunu | SOU
Balcombe | BRE,Lloris | TOT
Balcombe | BRE,Meslier | LEE
Balcombe | BRE,Butland | CRY
Balcombe | BRE,Steele | BHA
Balcombe | BRE,Pickford | EVE
Balcombe | BRE,Sá | WOL
Balcombe | BRE,Darlow | NEW
Balcombe | BRE,Schmeichel | LEI
Balcombe | BRE,Arrizabalaga | CHE
Balcombe | BRE,Klaesson | LEE
Balcombe | BRE,Fabianski | WHU
Balcombe | BRE,Rodák | FUL
Balcombe | BRE,Travers | BOU
Balcombe | BRE,Dubravka | NEW
Balcombe | BRE,Lis | SOU
Balcombe | BRE,Šarkić | WOL
Balcombe | BRE,Turner | ARS
Balcombe | BRE,Pope | NEW
Balcombe | BRE,Gazzaniga | FUL
Balcombe | BRE,Matthews | CRY
Balcombe | BRE,Sánchez | BHA
Balcombe | BRE,Olsen | AVL
Balcombe | BRE,Johnstone | CRY
Balcombe | BRE,Carson | MCI
Balcombe | BRE,Ortega | MCI
Balcombe | BRE,Heaton | MUN
Balcombe | BRE,Guaita | CRY
Balcombe | BRE,Dennis | BOU
Balcombe | BRE,Caballero | SOU
Balcombe | BRE,Steffen | MCI
Martínez | AVL,Ramsdale | ARS
Martínez | AVL,Adrián | LIV
Martínez | AVL,McCarthy | SOU
Martínez | AVL,Alisson | LIV
Martínez | AVL,Areola | WHU
Martínez | AVL,Begović | EVE
Martínez | AVL,Leno | ARS
Martínez | AVL,Austin | TOT
Martínez | AVL,Samba | NFO
Martínez | AVL,Kelleher | LIV
Martínez | AVL,Ward | LEI
Martínez | AVL,De Gea | MUN
Martínez | AVL,Raya | BRE
Martínez | AVL,Henderson | NFO
Martínez | AVL,Ederson | MCI
Martínez | AVL,Mendy | CHE
Martínez | AVL,Balcombe | BRE
Martínez | AVL,Forster | TOT
Martínez | AVL,Bazunu | SOU
Martínez | AVL,Lloris | TOT
Martínez | AVL,Meslier | LEE
Martínez | AVL,Butland | CRY
Martínez | AVL,Steele | BHA
Martínez | AVL,Pickford | EVE
Martínez | AVL,Sá | WOL
Martínez | AVL,Darlow | NEW
Martínez | AVL,Schmeichel | LEI
Martínez | AVL,Arrizabalaga | CHE
Martínez | AVL,Klaesson | LEE
Martínez | AVL,Fabianski | WHU
Martínez | AVL,Rodák | FUL
Martínez | AVL,Travers | BOU
Martínez | AVL,Dubravka | NEW
Martínez | AVL,Lis | SOU
Martínez | AVL,Šarkić | WOL
Martínez | AVL,Turner | ARS
Martínez | AVL,Pope | NEW
Martínez | AVL,Gazzaniga | FUL
Martínez | AVL,Matthews | CRY
Martínez | AVL,Sánchez | BHA
Martínez | AVL,Olsen | AVL
Martínez | AVL,Johnstone | CRY
Martínez | AVL,Carson | MCI
Martínez | AVL,Ortega | MCI
Martínez | AVL,Heaton | MUN
Martínez | AVL,Guaita | CRY
Martínez | AVL,Dennis | BOU
Martínez | AVL,Caballero | SOU
Martínez | AVL,Steffen | MCI
Forster | TOT,Ramsdale | ARS
Forster | TOT,Adrián | LIV
Forster | TOT,McCarthy | SOU
Forster | TOT,Alisson | LIV
Forster | TOT,Areola | WHU
Forster | TOT,Begović | EVE
Forster | TOT,Leno | ARS
Forster | TOT,Austin | TOT
Forster | TOT,Samba | NFO
Forster | TOT,Kelleher | LIV
Forster | TOT,Ward | LEI
Forster | TOT,De Gea | MUN
Forster | TOT,Raya | BRE
Forster | TOT,Henderson | NFO
Forster | TOT,Ederson | MCI
Forster | TOT,Mendy | CHE
Forster | TOT,Balcombe | BRE
Forster | TOT,Martínez | AVL
Forster | TOT,Bazunu | SOU
Forster | TOT,Lloris | TOT
Forster | TOT,Meslier | LEE
Forster | TOT,Butland | CRY
Forster | TOT,Steele | BHA
Forster | TOT,Pickford | EVE
Forster | TOT,Sá | WOL
Forster | TOT,Darlow | NEW
Forster | TOT,Schmeichel | LEI
Forster | TOT,Arrizabalaga | CHE
Forster | TOT,Klaesson | LEE
Forster | TOT,Fabianski | WHU
Forster | TOT,Rodák | FUL
Forster | TOT,Travers | BOU
Forster | TOT,Dubravka | NEW
Forster | TOT,Lis | SOU
Forster | TOT,Šarkić | WOL
Forster | TOT,Turner | ARS
Forster | TOT,Pope | NEW
Forster | TOT,Gazzaniga | FUL
Forster | TOT,Matthews | CRY
Forster | TOT,Sánchez | BHA
Forster | TOT,Olsen | AVL
Forster | TOT,Johnstone | CRY
Forster | TOT,Carson | MCI
Forster | TOT,Ortega | MCI
Forster | TOT,Heaton | MUN
Forster | TOT,Guaita | CRY
Forster | TOT,Dennis | BOU
Forster | TOT,Caballero | SOU
Forster | TOT,Steffen | MCI
Bazunu | SOU,Ramsdale | ARS
Bazunu | SOU,Adrián | LIV
Bazunu | SOU,McCarthy | SOU
Bazunu | SOU,Alisson | LIV
Bazunu | SOU,Areola | WHU
Bazunu | SOU,Begović | EVE
Bazunu | SOU,Leno | ARS
Bazunu | SOU,Austin | TOT
Bazunu | SOU,Samba | NFO
Bazunu | SOU,Kelleher | LIV
Bazunu | SOU,Ward | LEI
Bazunu | SOU,De Gea | MUN
Bazunu | SOU,Raya | BRE
Bazunu | SOU,Henderson | NFO
Bazunu | SOU,Ederson | MCI
Bazunu | SOU,Mendy | CHE
Bazunu | SOU,Balcombe | BRE
Bazunu | SOU,Martínez | AVL
Bazunu | SOU,Forster | TOT
Bazunu | SOU,Lloris | TOT
Bazunu | SOU,Meslier | LEE
Bazunu | SOU,Butland | CRY
Bazunu | SOU,Steele | BHA
Bazunu | SOU,Pickford | EVE
Bazunu | SOU,Sá | WOL
Bazunu | SOU,Darlow | NEW
Bazunu | SOU,Schmeichel | LEI
Bazunu | SOU,Arrizabalaga | CHE
Bazunu | SOU,Klaesson | LEE
Bazunu | SOU,Fabianski | WHU
Bazunu | SOU,Rodák | FUL
Bazunu | SOU,Travers | BOU
Bazunu | SOU,Dubravka | NEW
Bazunu | SOU,Lis | SOU
Bazunu | SOU,Šarkić | WOL
Bazunu | SOU,Turner | ARS
Bazunu | SOU,Pope | NEW
Bazunu | SOU,Gazzaniga | FUL
Bazunu | SOU,Matthews | CRY
Bazunu | SOU,Sánchez | BHA
Bazunu | SOU,Olsen | AVL
Bazunu | SOU,Johnstone | CRY
Bazunu | SOU,Carson | MCI
Bazunu | SOU,Ortega | MCI
Bazunu | SOU,Heaton | MUN
Bazunu | SOU,Guaita | CRY
Bazunu | SOU,Dennis | BOU
Bazunu | SOU,Caballero | SOU
Bazunu | SOU,Steffen | MCI
Lloris | TOT,Ramsdale | ARS
Lloris | TOT,Adrián | LIV
Lloris | TOT,McCarthy | SOU
Lloris | TOT,Alisson | LIV
Lloris | TOT,Areola | WHU
Lloris | TOT,Begović | EVE
Lloris | TOT,Leno | ARS
Lloris | TOT,Austin | TOT
Lloris | TOT,Samba | NFO
Lloris | TOT,Kelleher | LIV
Lloris | TOT,Ward | LEI
Lloris | TOT,De Gea | MUN
Lloris | TOT,Raya | BRE
Lloris | TOT,Henderson | NFO
Lloris | TOT,Ederson | MCI
Lloris | TOT,Mendy | CHE
Lloris | TOT,Balcombe | BRE
Lloris | TOT,Martínez | AVL
Lloris | TOT,Forster | TOT
Lloris | TOT,Bazunu | SOU
Lloris | TOT,Meslier | LEE
Lloris | TOT,Butland | CRY
Lloris | TOT,Steele | BHA
Lloris | TOT,Pickford | EVE
Lloris | TOT,Sá | WOL
Lloris | TOT,Darlow | NEW
Lloris | TOT,Schmeichel | LEI
Lloris | TOT,Arrizabalaga | CHE
Lloris | TOT,Klaesson | LEE
Lloris | TOT,Fabianski | WHU
Lloris | TOT,Rodák | FUL
Lloris | TOT,Travers | BOU
Lloris | TOT,Dubravka | NEW
Lloris | TOT,Lis | SOU
Lloris | TOT,Šarkić | WOL
Lloris | TOT,Turner | ARS
Lloris | TOT,Pope | NEW
Lloris | TOT,Gazzaniga | FUL
Lloris | TOT,Matthews | CRY
Lloris | TOT,Sánchez | BHA
Lloris | TOT,Olsen | AVL
Lloris | TOT,Johnstone | CRY
Lloris | TOT,Carson | MCI
Lloris | TOT,Ortega | MCI
Lloris | TOT,Heaton | MUN
Lloris | TOT,Guaita | CRY
Lloris | TOT,Dennis | BOU
Lloris | TOT,Caballero | SOU
Lloris | TOT,Steffen | MCI
Meslier | LEE,Ramsdale | ARS
Meslier | LEE,Adrián | LIV
Meslier | LEE,McCarthy | SOU
Meslier | LEE,Alisson | LIV
Meslier | LEE,Areola | WHU
Meslier | LEE,Begović | EVE
Meslier | LEE,Leno | ARS
Meslier | LEE,Austin | TOT
Meslier | LEE,Samba | NFO
Meslier | LEE,Kelleher | LIV
Meslier | LEE,Ward | LEI
Meslier | LEE,De Gea | MUN
Meslier | LEE,Raya | BRE
Meslier | LEE,Henderson | NFO
Meslier | LEE,Ederson | MCI
Meslier | LEE,Mendy | CHE
Meslier | LEE,Balcombe | BRE
Meslier | LEE,Martínez | AVL
Meslier | LEE,Forster | TOT
Meslier | LEE,Bazunu | SOU
Meslier | LEE,Lloris | TOT
Meslier | LEE,Butland | CRY
Meslier | LEE,Steele | BHA
Meslier | LEE,Pickford | EVE
Meslier | LEE,Sá | WOL
Meslier | LEE,Darlow | NEW
Meslier | LEE,Schmeichel | LEI
Meslier | LEE,Arrizabalaga | CHE
Meslier | LEE,Klaesson | LEE
Meslier | LEE,Fabianski | WHU
Meslier | LEE,Rodák | FUL
Meslier | LEE,Travers | BOU
Meslier | LEE,Dubravka | NEW
Meslier | LEE,Lis | SOU
Meslier | LEE,Šarkić | WOL
Meslier | LEE,Turner | ARS
Meslier | LEE,Pope | NEW
Meslier | LEE,Gazzaniga | FUL
Meslier | LEE,Matthews | CRY
Meslier | LEE,Sánchez | BHA
Meslier | LEE,Olsen | AVL
Meslier | LEE,Johnstone | CRY
Meslier | LEE,Carson | MCI
Meslier | LEE,Ortega | MCI
Meslier | LEE,Heaton | MUN
Meslier | LEE,Guaita | CRY
Meslier | LEE,Dennis | BOU
Meslier | LEE,Caballero | SOU
Meslier | LEE,Steffen | MCI
Butland | CRY,Ramsdale | ARS
Butland | CRY,Adrián | LIV
Butland | CRY,McCarthy | SOU
Butland | CRY,Alisson | LIV
Butland | CRY,Areola | WHU
Butland | CRY,Begović | EVE
Butland | CRY,Leno | ARS
Butland | CRY,Austin | TOT
Butland | CRY,Samba | NFO
Butland | CRY,Kelleher | LIV
Butland | CRY,Ward | LEI
Butland | CRY,De Gea | MUN
Butland | CRY,Raya | BRE
Butland | CRY,Henderson | NFO
Butland | CRY,Ederson | MCI
Butland | CRY,Mendy | CHE
Butland | CRY,Balcombe | BRE
Butland | CRY,Martínez | AVL
Butland | CRY,Forster | TOT
Butland | CRY,Bazunu | SOU
Butland | CRY,Lloris | TOT
Butland | CRY,Meslier | LEE
Butland | CRY,Steele | BHA
Butland | CRY,Pickford | EVE
Butland | CRY,Sá | WOL
Butland | CRY,Darlow | NEW
Butland | CRY,Schmeichel | LEI
Butland | CRY,Arrizabalaga | CHE
Butland | CRY,Klaesson | LEE
Butland | CRY,Fabianski | WHU
Butland | CRY,Rodák | FUL
Butland | CRY,Travers | BOU
Butland | CRY,Dubravka | NEW
Butland | CRY,Lis | SOU
Butland | CRY,Šarkić | WOL
Butland | CRY,Turner | ARS
Butland | CRY,Pope | NEW
Butland | CRY,Gazzaniga | FUL
Butland | CRY,Matthews | CRY
Butland | CRY,Sánchez | BHA
Butland | CRY,Olsen | AVL
Butland | CRY,Johnstone | CRY
Butland | CRY,Carson | MCI
Butland | CRY,Ortega | MCI
Butland | CRY,Heaton | MUN
Butland | CRY,Guaita | CRY
Butland | CRY,Dennis | BOU
Butland | CRY,Caballero | SOU
Butland | CRY,Steffen | MCI
Steele | BHA,Ramsdale | ARS
Steele | BHA,Adrián | LIV
Steele | BHA,McCarthy | SOU
Steele | BHA,Alisson | LIV
Steele | BHA,Areola | WHU
Steele | BHA,Begović | EVE
Steele | BHA,Leno | ARS
Steele | BHA,Austin | TOT
Steele | BHA,Samba | NFO
Steele | BHA,Kelleher | LIV
Steele | BHA,Ward | LEI
Steele | BHA,De Gea | MUN
Steele | BHA,Raya | BRE
Steele | BHA,Henderson | NFO
Steele | BHA,Ederson | MCI
Steele | BHA,Mendy | CHE
Steele | BHA,Balcombe | BRE
Steele | BHA,Martínez | AVL
Steele | BHA,Forster | TOT
Steele | BHA,Bazunu | SOU
Steele | BHA,Lloris | TOT
Steele | BHA,Meslier | LEE
Steele | BHA,Butland | CRY
Steele | BHA,Pickford | EVE
Steele | BHA,Sá | WOL
Steele | BHA,Darlow | NEW
Steele | BHA,Schmeichel | LEI
Steele | BHA,Arrizabalaga | CHE
Steele | BHA,Klaesson | LEE
Steele | BHA,Fabianski | WHU
Steele | BHA,Rodák | FUL
Steele | BHA,Travers | BOU
Steele | BHA,Dubravka | NEW
Steele | BHA,Lis | SOU
Steele | BHA,Šarkić | WOL
Steele | BHA,Turner | ARS
Steele | BHA,Pope | NEW
Steele | BHA,Gazzaniga | FUL
Steele | BHA,Matthews | CRY
Steele | BHA,Sánchez | BHA
Steele | BHA,Olsen | AVL
Steele | BHA,Johnstone | CRY
Steele | BHA,Carson | MCI
Steele | BHA,Ortega | MCI
Steele | BHA,Heaton | MUN
Steele | BHA,Guaita | CRY
Steele | BHA,Dennis | BOU
Steele | BHA,Caballero | SOU
Steele | BHA,Steffen | MCI
Pickford | EVE,Ramsdale | ARS
Pickford | EVE,Adrián | LIV
Pickford | EVE,McCarthy | SOU
Pickford | EVE,Alisson | LIV
Pickford | EVE,Areola | WHU
Pickford | EVE,Begović | EVE
Pickford | EVE,Leno | ARS
Pickford | EVE,Austin | TOT
Pickford | EVE,Samba | NFO
Pickford | EVE,Kelleher | LIV
Pickford | EVE,Ward | LEI
Pickford | EVE,De Gea | MUN
Pickford | EVE,Raya | BRE
Pickford | EVE,Henderson | NFO
Pickford | EVE,Ederson | MCI
Pickford | EVE,Mendy | CHE
Pickford | EVE,Balcombe | BRE
Pickford | EVE,Martínez | AVL
Pickford | EVE,Forster | TOT
Pickford | EVE,Bazunu | SOU
Pickford | EVE,Lloris | TOT
Pickford | EVE,Meslier | LEE
Pickford | EVE,Butland | CRY
Pickford | EVE,Steele | BHA
Pickford | EVE,Sá | WOL
Pickford | EVE,Darlow | NEW
Pickford | EVE,Schmeichel | LEI
Pickford | EVE,Arrizabalaga | CHE
Pickford | EVE,Klaesson | LEE
Pickford | EVE,Fabianski | WHU
Pickford | EVE,Rodák | FUL
Pickford | EVE,Travers | BOU
Pickford | EVE,Dubravka | NEW
Pickford | EVE,Lis | SOU
Pickford | EVE,Šarkić | WOL
Pickford | EVE,Turner | ARS
Pickford | EVE,Pope | NEW
Pickford | EVE,Gazzaniga | FUL
Pickford | EVE,Matthews | CRY
Pickford | EVE,Sánchez | BHA
Pickford | EVE,Olsen | AVL
Pickford | EVE,Johnstone | CRY
Pickford | EVE,Carson | MCI
Pickford | EVE,Ortega | MCI
Pickford | EVE,Heaton | MUN
Pickford | EVE,Guaita | CRY
Pickford | EVE,Dennis | BOU
Pickford | EVE,Caballero | SOU
Pickford | EVE,Steffen | MCI
Sá | WOL,Ramsdale | ARS
Sá | WOL,Adrián | LIV
Sá | WOL,McCarthy | SOU
Sá | WOL,Alisson | LIV
Sá | WOL,Areola | WHU
Sá | WOL,Begović | EVE
Sá | WOL,Leno | ARS
Sá | WOL,Austin | TOT
Sá | WOL,Samba | NFO
Sá | WOL,Kelleher | LIV
Sá | WOL,Ward | LEI
Sá | WOL,De Gea | MUN
Sá | WOL,Raya | BRE
Sá | WOL,Henderson | NFO
Sá | WOL,Ederson | MCI
Sá | WOL,Mendy | CHE
Sá | WOL,Balcombe | BRE
Sá | WOL,Martínez | AVL
Sá | WOL,Forster | TOT
Sá | WOL,Bazunu | SOU
Sá | WOL,Lloris | TOT
Sá | WOL,Meslier | LEE
Sá | WOL,Butland | CRY
Sá | WOL,Steele | BHA
Sá | WOL,Pickford | EVE
Sá | WOL,Darlow | NEW
Sá | WOL,Schmeichel | LEI
Sá | WOL,Arrizabalaga | CHE
Sá | WOL,Klaesson | LEE
Sá | WOL,Fabianski | WHU
Sá | WOL,Rodák | FUL
Sá | WOL,Travers | BOU
Sá | WOL,Dubravka | NEW
Sá | WOL,Lis | SOU
Sá | WOL,Šarkić | WOL
Sá | WOL,Turner | ARS
Sá | WOL,Pope | NEW
Sá | WOL,Gazzaniga | FUL
Sá | WOL,Matthews | CRY
Sá | WOL,Sánchez | BHA
Sá | WOL,Olsen | AVL
Sá | WOL,Johnstone | CRY
Sá | WOL,Carson | MCI
Sá | WOL,Ortega | MCI
Sá | WOL,Heaton | MUN
Sá | WOL,Guaita | CRY
Sá | WOL,Dennis | BOU
Sá | WOL,Caballero | SOU
Sá | WOL,Steffen | MCI
Darlow | NEW,Ramsdale | ARS
Darlow | NEW,Adrián | LIV
Darlow | NEW,McCarthy | SOU
Darlow | NEW,Alisson | LIV
Darlow | NEW,Areola | WHU
Darlow | NEW,Begović | EVE
Darlow | NEW,Leno | ARS
Darlow | NEW,Austin | TOT
Darlow | NEW,Samba | NFO
Darlow | NEW,Kelleher | LIV
Darlow | NEW,Ward | LEI
Darlow | NEW,De Gea | MUN
Darlow | NEW,Raya | BRE
Darlow | NEW,Henderson | NFO
Darlow | NEW,Ederson | MCI
Darlow | NEW,Mendy | CHE
Darlow | NEW,Balcombe | BRE
Darlow | NEW,Martínez | AVL
Darlow | NEW,Forster | TOT
Darlow | NEW,Bazunu | SOU
Darlow | NEW,Lloris | TOT
Darlow | NEW,Meslier | LEE
Darlow | NEW,Butland | CRY
Darlow | NEW,Steele | BHA
Darlow | NEW,Pickford | EVE
Darlow | NEW,Sá | WOL
Darlow | NEW,Schmeichel | LEI
Darlow | NEW,Arrizabalaga | CHE
Darlow | NEW,Klaesson | LEE
Darlow | NEW,Fabianski | WHU
Darlow | NEW,Rodák | FUL
Darlow | NEW,Travers | BOU
Darlow | NEW,Dubravka | NEW
Darlow | NEW,Lis | SOU
Darlow | NEW,Šarkić | WOL
Darlow | NEW,Turner | ARS
Darlow | NEW,Pope | NEW
Darlow | NEW,Gazzaniga | FUL
Darlow | NEW,Matthews | CRY
Darlow | NEW,Sánchez | BHA
Darlow | NEW,Olsen | AVL
Darlow | NEW,Johnstone | CRY
Darlow | NEW,Carson | MCI
Darlow | NEW,Ortega | MCI
Darlow | NEW,Heaton | MUN
Darlow | NEW,Guaita | CRY
Darlow | NEW,Dennis | BOU
Darlow | NEW,Caballero | SOU
Darlow | NEW,Steffen | MCI
Schmeichel | LEI,Ramsdale | ARS
Schmeichel | LEI,Adrián | LIV
Schmeichel | LEI,McCarthy | SOU
Schmeichel | LEI,Alisson | LIV
Schmeichel | LEI,Areola | WHU
Schmeichel | LEI,Begović | EVE
Schmeichel | LEI,Leno | ARS
Schmeichel | LEI,Austin | TOT
Schmeichel | LEI,Samba | NFO
Schmeichel | LEI,Kelleher | LIV
Schmeichel | LEI,Ward | LEI
Schmeichel | LEI,De Gea | MUN
Schmeichel | LEI,Raya | BRE
Schmeichel | LEI,Henderson | NFO
Schmeichel | LEI,Ederson | MCI
Schmeichel | LEI,Mendy | CHE
Schmeichel | LEI,Balcombe | BRE
Schmeichel | LEI,Martínez | AVL
Schmeichel | LEI,Forster | TOT
Schmeichel | LEI,Bazunu | SOU
Schmeichel | LEI,Lloris | TOT
Schmeichel | LEI,Meslier | LEE
Schmeichel | LEI,Butland | CRY
Schmeichel | LEI,Steele | BHA
Schmeichel | LEI,Pickford | EVE
Schmeichel | LEI,Sá | WOL
Schmeichel | LEI,Darlow | NEW
Schmeichel | LEI,Arrizabalaga | CHE
Schmeichel | LEI,Klaesson | LEE
Schmeichel | LEI,Fabianski | WHU
Schmeichel | LEI,Rodák | FUL
Schmeichel | LEI,Travers | BOU
Schmeichel | LEI,Dubravka | NEW
Schmeichel | LEI,Lis | SOU
Schmeichel | LEI,Šarkić | WOL
Schmeichel | LEI,Turner | ARS
Schmeichel | LEI,Pope | NEW
Schmeichel | LEI,Gazzaniga | FUL
Schmeichel | LEI,Matthews | CRY
Schmeichel | LEI,Sánchez | BHA
Schmeichel | LEI,Olsen | AVL
Schmeichel | LEI,Johnstone | CRY
Schmeichel | LEI,Carson | MCI
Schmeichel | LEI,Ortega | MCI
Schmeichel | LEI,Heaton | MUN
Schmeichel | LEI,Guaita | CRY
Schmeichel | LEI,Dennis | BOU
Schmeichel | LEI,Caballero | SOU
Schmeichel | LEI,Steffen | MCI
Arrizabalaga | CHE,Ramsdale | ARS
Arrizabalaga | CHE,Adrián | LIV
Arrizabalaga | CHE,McCarthy | SOU
Arrizabalaga | CHE,Alisson | LIV
Arrizabalaga | CHE,Areola | WHU
Arrizabalaga | CHE,Begović | EVE
Arrizabalaga | CHE,Leno | ARS
Arrizabalaga | CHE,Austin | TOT
Arrizabalaga | CHE,Samba | NFO
Arrizabalaga | CHE,Kelleher | LIV
Arrizabalaga | CHE,Ward | LEI
Arrizabalaga | CHE,De Gea | MUN
Arrizabalaga | CHE,Raya | BRE
Arrizabalaga | CHE,Henderson | NFO
Arrizabalaga | CHE,Ederson | MCI
Arrizabalaga | CHE,Mendy | CHE
Arrizabalaga | CHE,Balcombe | BRE
Arrizabalaga | CHE,Martínez | AVL
Arrizabalaga | CHE,Forster | TOT
Arrizabalaga | CHE,Bazunu | SOU
Arrizabalaga | CHE,Lloris | TOT
Arrizabalaga | CHE,Meslier | LEE
Arrizabalaga | CHE,Butland | CRY
Arrizabalaga | CHE,Steele | BHA
Arrizabalaga | CHE,Pickford | EVE
Arrizabalaga | CHE,Sá | WOL
Arrizabalaga | CHE,Darlow | NEW
Arrizabalaga | CHE,Schmeichel | LEI
Arrizabalaga | CHE,Klaesson | LEE
Arrizabalaga | CHE,Fabianski | WHU
Arrizabalaga | CHE,Rodák | FUL
Arrizabalaga | CHE,Travers | BOU
Arrizabalaga | CHE,Dubravka | NEW
Arrizabalaga | CHE,Lis | SOU
Arrizabalaga | CHE,Šarkić | WOL
Arrizabalaga | CHE,Turner | ARS
Arrizabalaga | CHE,Pope | NEW
Arrizabalaga | CHE,Gazzaniga | FUL
Arrizabalaga | CHE,Matthews | CRY
Arrizabalaga | CHE,Sánchez | BHA
Arrizabalaga | CHE,Olsen | AVL
Arrizabalaga | CHE,Johnstone | CRY
Arrizabalaga | CHE,Carson | MCI
Arrizabalaga | CHE,Ortega | MCI
Arrizabalaga | CHE,Heaton | MUN
Arrizabalaga | CHE,Guaita | CRY
Arrizabalaga | CHE,Dennis | BOU
Arrizabalaga | CHE,Caballero | SOU
Arrizabalaga | CHE,Steffen | MCI
Klaesson | LEE,Ramsdale | ARS
Klaesson | LEE,Adrián | LIV
Klaesson | LEE,McCarthy | SOU
Klaesson | LEE,Alisson | LIV
Klaesson | LEE,Areola | WHU
Klaesson | LEE,Begović | EVE
Klaesson | LEE,Leno | ARS
Klaesson | LEE,Austin | TOT
Klaesson | LEE,Samba | NFO
Klaesson | LEE,Kelleher | LIV
Klaesson | LEE,Ward | LEI
Klaesson | LEE,De Gea | MUN
Klaesson | LEE,Raya | BRE
Klaesson | LEE,Henderson | NFO
Klaesson | LEE,Ederson | MCI
Klaesson | LEE,Mendy | CHE
Klaesson | LEE,Balcombe | BRE
Klaesson | LEE,Martínez | AVL
Klaesson | LEE,Forster | TOT
Klaesson | LEE,Bazunu | SOU
Klaesson | LEE,Lloris | TOT
Klaesson | LEE,Meslier | LEE
Klaesson | LEE,Butland | CRY
Klaesson | LEE,Steele | BHA
Klaesson | LEE,Pickford | EVE
Klaesson | LEE,Sá | WOL
Klaesson | LEE,Darlow | NEW
Klaesson | LEE,Schmeichel | LEI
Klaesson | LEE,Arrizabalaga | CHE
Klaesson | LEE,Fabianski | WHU
Klaesson | LEE,Rodák | FUL
Klaesson | LEE,Travers | BOU
Klaesson | LEE,Dubravka | NEW
Klaesson | LEE,Lis | SOU
Klaesson | LEE,Šarkić | WOL
Klaesson | LEE,Turner | ARS
Klaesson | LEE,Pope | NEW
Klaesson | LEE,Gazzaniga | FUL
Klaesson | LEE,Matthews | CRY
Klaesson | LEE,Sánchez | BHA
Klaesson | LEE,Olsen | AVL
Klaesson | LEE,Johnstone | CRY
Klaesson | LEE,Carson | MCI
Klaesson | LEE,Ortega | MCI
Klaesson | LEE,Heaton | MUN
Klaesson | LEE,Guaita | CRY
Klaesson | LEE,Dennis | BOU
Klaesson | LEE,Caballero | SOU
Klaesson | LEE,Steffen | MCI
Fabianski | WHU,Ramsdale | ARS
Fabianski | WHU,Adrián | LIV
Fabianski | WHU,McCarthy | SOU
Fabianski | WHU,Alisson | LIV
Fabianski | WHU,Areola | WHU
Fabianski | WHU,Begović | EVE
Fabianski | WHU,Leno | ARS
Fabianski | WHU,Austin | TOT
Fabianski | WHU,Samba | NFO
Fabianski | WHU,Kelleher | LIV
Fabianski | WHU,Ward | LEI
Fabianski | WHU,De Gea | MUN
Fabianski | WHU,Raya | BRE
Fabianski | WHU,Henderson | NFO
Fabianski | WHU,Ederson | MCI
Fabianski | WHU,Mendy | CHE
Fabianski | WHU,Balcombe | BRE
Fabianski | WHU,Martínez | AVL
Fabianski | WHU,Forster | TOT
Fabianski | WHU,Bazunu | SOU
Fabianski | WHU,Lloris | TOT
Fabianski | WHU,Meslier | LEE
Fabianski | WHU,Butland | CRY
Fabianski | WHU,Steele | BHA
Fabianski | WHU,Pickford | EVE
Fabianski | WHU,Sá | WOL
Fabianski | WHU,Darlow | NEW
Fabianski | WHU,Schmeichel | LEI
Fabianski | WHU,Arrizabalaga | CHE
Fabianski | WHU,Klaesson | LEE
Fabianski | WHU,Rodák | FUL
Fabianski | WHU,Travers | BOU
Fabianski | WHU,Dubravka | NEW
Fabianski | WHU,Lis | SOU
Fabianski | WHU,Šarkić | WOL
Fabianski | WHU,Turner | ARS
Fabianski | WHU,Pope | NEW
Fabianski | WHU,Gazzaniga | FUL
Fabianski | WHU,Matthews | CRY
Fabianski | WHU,Sánchez | BHA
Fabianski | WHU,Olsen | AVL
Fabianski | WHU,Johnstone | CRY
Fabianski | WHU,Carson | MCI
Fabianski | WHU,Ortega | MCI
Fabianski | WHU,Heaton | MUN
Fabianski | WHU,Guaita | CRY
Fabianski | WHU,Dennis | BOU
Fabianski | WHU,Caballero | SOU
Fabianski | WHU,Steffen | MCI
Rodák | FUL,Ramsdale | ARS
Rodák | FUL,Adrián | LIV
Rodák | FUL,McCarthy | SOU
Rodák | FUL,Alisson | LIV
Rodák | FUL,Areola | WHU
Rodák | FUL,Begović | EVE
Rodák | FUL,Leno | ARS
Rodák | FUL,Austin | TOT
Rodák | FUL,Samba | NFO
Rodák | FUL,Kelleher | LIV
Rodák | FUL,Ward | LEI
Rodák | FUL,De Gea | MUN
Rodák | FUL,Raya | BRE
Rodák | FUL,Henderson | NFO
Rodák | FUL,Ederson | MCI
Rodák | FUL,Mendy | CHE
Rodák | FUL,Balcombe | BRE
Rodák | FUL,Martínez | AVL
Rodák | FUL,Forster | TOT
Rodák | FUL,Bazunu | SOU
Rodák | FUL,Lloris | TOT
Rodák | FUL,Meslier | LEE
Rodák | FUL,Butland | CRY
Rodák | FUL,Steele | BHA
Rodák | FUL,Pickford | EVE
Rodák | FUL,Sá | WOL
Rodák | FUL,Darlow | NEW
Rodák | FUL,Schmeichel | LEI
Rodák | FUL,Arrizabalaga | CHE
Rodák | FUL,Klaesson | LEE
Rodák | FUL,Fabianski | WHU
Rodák | FUL,Travers | BOU
Rodák | FUL,Dubravka | NEW
Rodák | FUL,Lis | SOU
Rodák | FUL,Šarkić | WOL
Rodák | FUL,Turner | ARS
Rodák | FUL,Pope | NEW
Rodák | FUL,Gazzaniga | FUL
Rodák | FUL,Matthews | CRY
Rodák | FUL,Sánchez | BHA
Rodák | FUL,Olsen | AVL
Rodák | FUL,Johnstone | CRY
Rodák | FUL,Carson | MCI
Rodák | FUL,Ortega | MCI
Rodák | FUL,Heaton | MUN
Rodák | FUL,Guaita | CRY
Rodák | FUL,Dennis | BOU
Rodák | FUL,Caballero | SOU
Rodák | FUL,Steffen | MCI
Travers | BOU,Ramsdale | ARS
Travers | BOU,Adrián | LIV
Travers | BOU,McCarthy | SOU
Travers | BOU,Alisson | LIV
Travers | BOU,Areola | WHU
Travers | BOU,Begović | EVE
Travers | BOU,Leno | ARS
Travers | BOU,Austin | TOT
Travers | BOU,Samba | NFO
Travers | BOU,Kelleher | LIV
Travers | BOU,Ward | LEI
Travers | BOU,De Gea | MUN
Travers | BOU,Raya | BRE
Travers | BOU,Henderson | NFO
Travers | BOU,Ederson | MCI
Travers | BOU,Mendy | CHE
Travers | BOU,Balcombe | BRE
Travers | BOU,Martínez | AVL
Travers | BOU,Forster | TOT
Travers | BOU,Bazunu | SOU
Travers | BOU,Lloris | TOT
Travers | BOU,Meslier | LEE
Travers | BOU,Butland | CRY
Travers | BOU,Steele | BHA
Travers | BOU,Pickford | EVE
Travers | BOU,Sá | WOL
Travers | BOU,Darlow | NEW
Travers | BOU,Schmeichel | LEI
Travers | BOU,Arrizabalaga | CHE
Travers | BOU,Klaesson | LEE
Travers | BOU,Fabianski | WHU
Travers | BOU,Rodák | FUL
Travers | BOU,Dubravka | NEW
Travers | BOU,Lis | SOU
Travers | BOU,Šarkić | WOL
Travers | BOU,Turner | ARS
Travers | BOU,Pope | NEW
Travers | BOU,Gazzaniga | FUL
Travers | BOU,Matthews | CRY
Travers | BOU,Sánchez | BHA
Travers | BOU,Olsen | AVL
Travers | BOU,Johnstone | CRY
Travers | BOU,Carson | MCI
Travers | BOU,Ortega | MCI
Travers | BOU,Heaton | MUN
Travers | BOU,Guaita | CRY
Travers | BOU,Dennis | BOU
Travers | BOU,Caballero | SOU
Travers | BOU,Steffen | MCI
Dubravka | NEW,Ramsdale | ARS
Dubravka | NEW,Adrián | LIV
Dubravka | NEW,McCarthy | SOU
Dubravka | NEW,Alisson | LIV
Dubravka | NEW,Areola | WHU
Dubravka | NEW,Begović | EVE
Dubravka | NEW,Leno | ARS
Dubravka | NEW,Austin | TOT
Dubravka | NEW,Samba | NFO
Dubravka | NEW,Kelleher | LIV
Dubravka | NEW,Ward | LEI
Dubravka | NEW,De Gea | MUN
Dubravka | NEW,Raya | BRE
Dubravka | NEW,Henderson | NFO
Dubravka | NEW,Ederson | MCI
Dubravka | NEW,Mendy | CHE
Dubravka | NEW,Balcombe | BRE
Dubravka | NEW,Martínez | AVL
Dubravka | NEW,Forster | TOT
Dubravka | NEW,Bazunu | SOU
Dubravka | NEW,Lloris | TOT
Dubravka | NEW,Meslier | LEE
Dubravka | NEW,Butland | CRY
Dubravka | NEW,Steele | BHA
Dubravka | NEW,Pickford | EVE
Dubravka | NEW,Sá | WOL
Dubravka | NEW,Darlow | NEW
Dubravka | NEW,Schmeichel | LEI
Dubravka | NEW,Arrizabalaga | CHE
Dubravka | NEW,Klaesson | LEE
Dubravka | NEW,Fabianski | WHU
Dubravka | NEW,Rodák | FUL
Dubravka | NEW,Travers | BOU
Dubravka | NEW,Lis | SOU
Dubravka | NEW,Šarkić | WOL
Dubravka | NEW,Turner | ARS
Dubravka | NEW,Pope | NEW
Dubravka | NEW,Gazzaniga | FUL
Dubravka | NEW,Matthews | CRY
Dubravka | NEW,Sánchez | BHA
Dubravka | NEW,Olsen | AVL
Dubravka | NEW,Johnstone | CRY
Dubravka | NEW,Carson | MCI
Dubravka | NEW,Ortega | MCI
Dubravka | NEW,Heaton | MUN
Dubravka | NEW,Guaita | CRY
Dubravka | NEW,Dennis | BOU
Dubravka | NEW,Caballero | SOU
Dubravka | NEW,Steffen | MCI
Lis | SOU,Ramsdale | ARS
Lis | SOU,Adrián | LIV
Lis | SOU,McCarthy | SOU
Lis | SOU,Alisson | LIV
Lis | SOU,Areola | WHU
Lis | SOU,Begović | EVE
Lis | SOU,Leno | ARS
Lis | SOU,Austin | TOT
Lis | SOU,Samba | NFO
Lis | SOU,Kelleher | LIV
Lis | SOU,Ward | LEI
Lis | SOU,De Gea | MUN
Lis | SOU,Raya | BRE
Lis | SOU,Henderson | NFO
Lis | SOU,Ederson | MCI
Lis | SOU,Mendy | CHE
Lis | SOU,Balcombe | BRE
Lis | SOU,Martínez | AVL
Lis | SOU,Forster | TOT
Lis | SOU,Bazunu | SOU
Lis | SOU,Lloris | TOT
Lis | SOU,Meslier | LEE
Lis | SOU,Butland | CRY
Lis | SOU,Steele | BHA
Lis | SOU,Pickford | EVE
Lis | SOU,Sá | WOL
Lis | SOU,Darlow | NEW
Lis | SOU,Schmeichel | LEI
Lis | SOU,Arrizabalaga | CHE
Lis | SOU,Klaesson | LEE
Lis | SOU,Fabianski | WHU
Lis | SOU,Rodák | FUL
Lis | SOU,Travers | BOU
Lis | SOU,Dubravka | NEW
Lis | SOU,Šarkić | WOL
Lis | SOU,Turner | ARS
Lis | SOU,Pope | NEW
Lis | SOU,Gazzaniga | FUL
Lis | SOU,Matthews | CRY
Lis | SOU,Sánchez | BHA
Lis | SOU,Olsen | AVL
Lis | SOU,Johnstone | CRY
Lis | SOU,Carson | MCI
Lis | SOU,Ortega | MCI
Lis | SOU,Heaton | MUN
Lis | SOU,Guaita | CRY
Lis | SOU,Dennis | BOU
Lis | SOU,Caballero | SOU
Lis | SOU,Steffen | MCI
Šarkić | WOL,Ramsdale | ARS
Šarkić | WOL,Adrián | LIV
Šarkić | WOL,McCarthy | SOU
Šarkić | WOL,Alisson | LIV
Šarkić | WOL,Areola | WHU
Šarkić | WOL,Begović | EVE
Šarkić | WOL,Leno | ARS
Šarkić | WOL,Austin | TOT
Šarkić | WOL,Samba | NFO
Šarkić | WOL,Kelleher | LIV
Šarkić | WOL,Ward | LEI
Šarkić | WOL,De Gea | MUN
Šarkić | WOL,Raya | BRE
Šarkić | WOL,Henderson | NFO
Šarkić | WOL,Ederson | MCI
Šarkić | WOL,Mendy | CHE
Šarkić | WOL,Balcombe | BRE
Šarkić | WOL,Martínez | AVL
Šarkić | WOL,Forster | TOT
Šarkić | WOL,Bazunu | SOU
Šarkić | WOL,Lloris | TOT
Šarkić | WOL,Meslier | LEE
Šarkić | WOL,Butland | CRY
Šarkić | WOL,Steele | BHA
Šarkić | WOL,Pickford | EVE
Šarkić | WOL,Sá | WOL
Šarkić | WOL,Darlow | NEW
Šarkić | WOL,Schmeichel | LEI
Šarkić | WOL,Arrizabalaga | CHE
Šarkić | WOL,Klaesson | LEE
Šarkić | WOL,Fabianski | WHU
Šarkić | WOL,Rodák | FUL
Šarkić | WOL,Travers | BOU
Šarkić | WOL,Dubravka | NEW
Šarkić | WOL,Lis | SOU
Šarkić | WOL,Turner | ARS
Šarkić | WOL,Pope | NEW
Šarkić | WOL,Gazzaniga | FUL
Šarkić | WOL,Matthews | CRY
Šarkić | WOL,Sánchez | BHA
Šarkić | WOL,Olsen | AVL
Šarkić | WOL,Johnstone | CRY
Šarkić | WOL,Carson | MCI
Šarkić | WOL,Ortega | MCI
Šarkić | WOL,Heaton | MUN
Šarkić | WOL,Guaita | CRY
Šarkić | WOL,Dennis | BOU
Šarkić | WOL,Caballero | SOU
Šarkić | WOL,Steffen | MCI
Turner | ARS,Ramsdale | ARS
Turner | ARS,Adrián | LIV
Turner | ARS,McCarthy | SOU
Turner | ARS,Alisson | LIV
Turner | ARS,Areola | WHU
Turner | ARS,Begović | EVE
Turner | ARS,Leno | ARS
Turner | ARS,Austin | TOT
Turner | ARS,Samba | NFO
Turner | ARS,Kelleher | LIV
Turner | ARS,Ward | LEI
Turner | ARS,De Gea | MUN
Turner | ARS,Raya | BRE
Turner | ARS,Henderson | NFO
Turner | ARS,Ederson | MCI
Turner | ARS,Mendy | CHE
Turner | ARS,Balcombe | BRE
Turner | ARS,Martínez | AVL
Turner | ARS,Forster | TOT
Turner | ARS,Bazunu | SOU
Turner | ARS,Lloris | TOT
Turner | ARS,Meslier | LEE
Turner | ARS,Butland | CRY
Turner | ARS,Steele | BHA
Turner | ARS,Pickford | EVE
Turner | ARS,Sá | WOL
Turner | ARS,Darlow | NEW
Turner | ARS,Schmeichel | LEI
Turner | ARS,Arrizabalaga | CHE
Turner | ARS,Klaesson | LEE
Turner | ARS,Fabianski | WHU
Turner | ARS,Rodák | FUL
Turner | ARS,Travers | BOU
Turner | ARS,Dubravka | NEW
Turner | ARS,Lis | SOU
Turner | ARS,Šarkić | WOL
Turner | ARS,Pope | NEW
Turner | ARS,Gazzaniga | FUL
Turner | ARS,Matthews | CRY
Turner | ARS,Sánchez | BHA
Turner | ARS,Olsen | AVL
Turner | ARS,Johnstone | CRY
Turner | ARS,Carson | MCI
Turner | ARS,Ortega | MCI
Turner | ARS,Heaton | MUN
Turner | ARS,Guaita | CRY
Turner | ARS,Dennis | BOU
Turner | ARS,Caballero | SOU
Turner | ARS,Steffen | MCI
Pope | NEW,Ramsdale | ARS
Pope | NEW,Adrián | LIV
Pope | NEW,McCarthy | SOU
Pope | NEW,Alisson | LIV
Pope | NEW,Areola | WHU
Pope | NEW,Begović | EVE
Pope | NEW,Leno | ARS
Pope | NEW,Austin | TOT
Pope | NEW,Samba | NFO
Pope | NEW,Kelleher | LIV
Pope | NEW,Ward | LEI
Pope | NEW,De Gea | MUN
Pope | NEW,Raya | BRE
Pope | NEW,Henderson | NFO
Pope | NEW,Ederson | MCI
Pope | NEW,Mendy | CHE
Pope | NEW,Balcombe | BRE
Pope | NEW,Martínez | AVL
Pope | NEW,Forster | TOT
Pope | NEW,Bazunu | SOU
Pope | NEW,Lloris | TOT
Pope | NEW,Meslier | LEE
Pope | NEW,Butland | CRY
Pope | NEW,Steele | BHA
Pope | NEW,Pickford | EVE
Pope | NEW,Sá | WOL
Pope | NEW,Darlow | NEW
Pope | NEW,Schmeichel | LEI
Pope | NEW,Arrizabalaga | CHE
Pope | NEW,Klaesson | LEE
Pope | NEW,Fabianski | WHU
Pope | NEW,Rodák | FUL
Pope | NEW,Travers | BOU
Pope | NEW,Dubravka | NEW
Pope | NEW,Lis | SOU
Pope | NEW,Šarkić | WOL
Pope | NEW,Turner | ARS
Pope | NEW,Gazzaniga | FUL
Pope | NEW,Matthews | CRY
Pope | NEW,Sánchez | BHA
Pope | NEW,Olsen | AVL
Pope | NEW,Johnstone | CRY
Pope | NEW,Carson | MCI
Pope | NEW,Ortega | MCI
Pope | NEW,Heaton | MUN
Pope | NEW,Guaita | CRY
Pope | NEW,Dennis | BOU
Pope | NEW,Caballero | SOU
Pope | NEW,Steffen | MCI
Gazzaniga | FUL,Ramsdale | ARS
Gazzaniga | FUL,Adrián | LIV
Gazzaniga | FUL,McCarthy | SOU
Gazzaniga | FUL,Alisson | LIV
Gazzaniga | FUL,Areola | WHU
Gazzaniga | FUL,Begović | EVE
Gazzaniga | FUL,Leno | ARS
Gazzaniga | FUL,Austin | TOT
Gazzaniga | FUL,Samba | NFO
Gazzaniga | FUL,Kelleher | LIV
Gazzaniga | FUL,Ward | LEI
Gazzaniga | FUL,De Gea | MUN
Gazzaniga | FUL,Raya | BRE
Gazzaniga | FUL,Henderson | NFO
Gazzaniga | FUL,Ederson | MCI
Gazzaniga | FUL,Mendy | CHE
Gazzaniga | FUL,Balcombe | BRE
Gazzaniga | FUL,Martínez | AVL
Gazzaniga | FUL,Forster | TOT
Gazzaniga | FUL,Bazunu | SOU
Gazzaniga | FUL,Lloris | TOT
Gazzaniga | FUL,Meslier | LEE
Gazzaniga | FUL,Butland | CRY
Gazzaniga | FUL,Steele | BHA
Gazzaniga | FUL,Pickford | EVE
Gazzaniga | FUL,Sá | WOL
Gazzaniga | FUL,Darlow | NEW
Gazzaniga | FUL,Schmeichel | LEI
Gazzaniga | FUL,Arrizabalaga | CHE
Gazzaniga | FUL,Klaesson | LEE
Gazzaniga | FUL,Fabianski | WHU
Gazzaniga | FUL,Rodák | FUL
Gazzaniga | FUL,Travers | BOU
Gazzaniga | FUL,Dubravka | NEW
Gazzaniga | FUL,Lis | SOU
Gazzaniga | FUL,Šarkić | WOL
Gazzaniga | FUL,Turner | ARS
Gazzaniga | FUL,Pope | NEW
Gazzaniga | FUL,Matthews | CRY
Gazzaniga | FUL,Sánchez | BHA
Gazzaniga | FUL,Olsen | AVL
Gazzaniga | FUL,Johnstone | CRY
Gazzaniga | FUL,Carson | MCI
Gazzaniga | FUL,Ortega | MCI
Gazzaniga | FUL,Heaton | MUN
Gazzaniga | FUL,Guaita | CRY
Gazzaniga | FUL,Dennis | BOU
Gazzaniga | FUL,Caballero | SOU
Gazzaniga | FUL,Steffen | MCI
Matthews | CRY,Ramsdale | ARS
Matthews | CRY,Adrián | LIV
Matthews | CRY,McCarthy | SOU
Matthews | CRY,Alisson | LIV
Matthews | CRY,Areola | WHU
Matthews | CRY,Begović | EVE
Matthews | CRY,Leno | ARS
Matthews | CRY,Austin | TOT
Matthews | CRY,Samba | NFO
Matthews | CRY,Kelleher | LIV
Matthews | CRY,Ward | LEI
Matthews | CRY,De Gea | MUN
Matthews | CRY,Raya | BRE
Matthews | CRY,Henderson | NFO
Matthews | CRY,Ederson | MCI
Matthews | CRY,Mendy | CHE
Matthews | CRY,Balcombe | BRE
Matthews | CRY,Martínez | AVL
Matthews | CRY,Forster | TOT
Matthews | CRY,Bazunu | SOU
Matthews | CRY,Lloris | TOT
Matthews | CRY,Meslier | LEE
Matthews | CRY,Butland | CRY
Matthews | CRY,Steele | BHA
Matthews | CRY,Pickford | EVE
Matthews | CRY,Sá | WOL
Matthews | CRY,Darlow | NEW
Matthews | CRY,Schmeichel | LEI
Matthews | CRY,Arrizabalaga | CHE
Matthews | CRY,Klaesson | LEE
Matthews | CRY,Fabianski | WHU
Matthews | CRY,Rodák | FUL
Matthews | CRY,Travers | BOU
Matthews | CRY,Dubravka | NEW
Matthews | CRY,Lis | SOU
Matthews | CRY,Šarkić | WOL
Matthews | CRY,Turner | ARS
Matthews | CRY,Pope | NEW
Matthews | CRY,Gazzaniga | FUL
Matthews | CRY,Sánchez | BHA
Matthews | CRY,Olsen | AVL
Matthews | CRY,Johnstone | CRY
Matthews | CRY,Carson | MCI
Matthews | CRY,Ortega | MCI
Matthews | CRY,Heaton | MUN
Matthews | CRY,Guaita | CRY
Matthews | CRY,Dennis | BOU
Matthews | CRY,Caballero | SOU
Matthews | CRY,Steffen | MCI
Sánchez | BHA,Ramsdale | ARS
Sánchez | BHA,Adrián | LIV
Sánchez | BHA,McCarthy | SOU
Sánchez | BHA,Alisson | LIV
Sánchez | BHA,Areola | WHU
Sánchez | BHA,Begović | EVE
Sánchez | BHA,Leno | ARS
Sánchez | BHA,Austin | TOT
Sánchez | BHA,Samba | NFO
Sánchez | BHA,Kelleher | LIV
Sánchez | BHA,Ward | LEI
Sánchez | BHA,De Gea | MUN
Sánchez | BHA,Raya | BRE
Sánchez | BHA,Henderson | NFO
Sánchez | BHA,Ederson | MCI
Sánchez | BHA,Mendy | CHE
Sánchez | BHA,Balcombe | BRE
Sánchez | BHA,Martínez | AVL
Sánchez | BHA,Forster | TOT
Sánchez | BHA,Bazunu | SOU
Sánchez | BHA,Lloris | TOT
Sánchez | BHA,Meslier | LEE
Sánchez | BHA,Butland | CRY
Sánchez | BHA,Steele | BHA
Sánchez | BHA,Pickford | EVE
Sánchez | BHA,Sá | WOL
Sánchez | BHA,Darlow | NEW
Sánchez | BHA,Schmeichel | LEI
Sánchez | BHA,Arrizabalaga | CHE
Sánchez | BHA,Klaesson | LEE
Sánchez | BHA,Fabianski | WHU
Sánchez | BHA,Rodák | FUL
Sánchez | BHA,Travers | BOU
Sánchez | BHA,Dubravka | NEW
Sánchez | BHA,Lis | SOU
Sánchez | BHA,Šarkić | WOL
Sánchez | BHA,Turner | ARS
Sánchez | BHA,Pope | NEW
Sánchez | BHA,Gazzaniga | FUL
Sánchez | BHA,Matthews | CRY
Sánchez | BHA,Olsen | AVL
Sánchez | BHA,Johnstone | CRY
Sánchez | BHA,Carson | MCI
Sánchez | BHA,Ortega | MCI
Sánchez | BHA,Heaton | MUN
Sánchez | BHA,Guaita | CRY
Sánchez | BHA,Dennis | BOU
Sánchez | BHA,Caballero | SOU
Sánchez | BHA,Steffen | MCI
Olsen | AVL,Ramsdale | ARS
Olsen | AVL,Adrián | LIV
Olsen | AVL,McCarthy | SOU
Olsen | AVL,Alisson | LIV
Olsen | AVL,Areola | WHU
Olsen | AVL,Begović | EVE
Olsen | AVL,Leno | ARS
Olsen | AVL,Austin | TOT
Olsen | AVL,Samba | NFO
Olsen | AVL,Kelleher | LIV
Olsen | AVL,Ward | LEI
Olsen | AVL,De Gea | MUN
Olsen | AVL,Raya | BRE
Olsen | AVL,Henderson | NFO
Olsen | AVL,Ederson | MCI
Olsen | AVL,Mendy | CHE
Olsen | AVL,Balcombe | BRE
Olsen | AVL,Martínez | AVL
Olsen | AVL,Forster | TOT
Olsen | AVL,Bazunu | SOU
Olsen | AVL,Lloris | TOT
Olsen | AVL,Meslier | LEE
Olsen | AVL,Butland | CRY
Olsen | AVL,Steele | BHA
Olsen | AVL,Pickford | EVE
Olsen | AVL,Sá | WOL
Olsen | AVL,Darlow | NEW
Olsen | AVL,Schmeichel | LEI
Olsen | AVL,Arrizabalaga | CHE
Olsen | AVL,Klaesson | LEE
Olsen | AVL,Fabianski | WHU
Olsen | AVL,Rodák | FUL
Olsen | AVL,Travers | BOU
Olsen | AVL,Dubravka | NEW
Olsen | AVL,Lis | SOU
Olsen | AVL,Šarkić | WOL
Olsen | AVL,Turner | ARS
Olsen | AVL,Pope | NEW
Olsen | AVL,Gazzaniga | FUL
Olsen | AVL,Matthews | CRY
Olsen | AVL,Sánchez | BHA
Olsen | AVL,Johnstone | CRY
Olsen | AVL,Carson | MCI
Olsen | AVL,Ortega | MCI
Olsen | AVL,Heaton | MUN
Olsen | AVL,Guaita | CRY
Olsen | AVL,Dennis | BOU
Olsen | AVL,Caballero | SOU
Olsen | AVL,Steffen | MCI
Johnstone | CRY,Ramsdale | ARS
Johnstone | CRY,Adrián | LIV
Johnstone | CRY,McCarthy | SOU
Johnstone | CRY,Alisson | LIV
Johnstone | CRY,Areola | WHU
Johnstone | CRY,Begović | EVE
Johnstone | CRY,Leno | ARS
Johnstone | CRY,Austin | TOT
Johnstone | CRY,Samba | NFO
Johnstone | CRY,Kelleher | LIV
Johnstone | CRY,Ward | LEI
Johnstone | CRY,De Gea | MUN
Johnstone | CRY,Raya | BRE
Johnstone | CRY,Henderson | NFO
Johnstone | CRY,Ederson | MCI
Johnstone | CRY,Mendy | CHE
Johnstone | CRY,Balcombe | BRE
Johnstone | CRY,Martínez | AVL
Johnstone | CRY,Forster | TOT
Johnstone | CRY,Bazunu | SOU
Johnstone | CRY,Lloris | TOT
Johnstone | CRY,Meslier | LEE
Johnstone | CRY,Butland | CRY
Johnstone | CRY,Steele | BHA
Johnstone | CRY,Pickford | EVE
Johnstone | CRY,Sá | WOL
Johnstone | CRY,Darlow | NEW
Johnstone | CRY,Schmeichel | LEI
Johnstone | CRY,Arrizabalaga | CHE
Johnstone | CRY,Klaesson | LEE
Johnstone | CRY,Fabianski | WHU
Johnstone | CRY,Rodák | FUL
Johnstone | CRY,Travers | BOU
Johnstone | CRY,Dubravka | NEW
Johnstone | CRY,Lis | SOU
Johnstone | CRY,Šarkić | WOL
Johnstone | CRY,Turner | ARS
Johnstone | CRY,Pope | NEW
Johnstone | CRY,Gazzaniga | FUL
Johnstone | CRY,Matthews | CRY
Johnstone | CRY,Sánchez | BHA
Johnstone | CRY,Olsen | AVL
Johnstone | CRY,Carson | MCI
Johnstone | CRY,Ortega | MCI
Johnstone | CRY,Heaton | MUN
Johnstone | CRY,Guaita | CRY
Johnstone | CRY,Dennis | BOU
Johnstone | CRY,Caballero | SOU
Johnstone | CRY,Steffen | MCI
Carson | MCI,Ramsdale | ARS
Carson | MCI,Adrián | LIV
Carson | MCI,McCarthy | SOU
Carson | MCI,Alisson | LIV
Carson | MCI,Areola | WHU
Carson | MCI,Begović | EVE
Carson | MCI,Leno | ARS
Carson | MCI,Austin | TOT
Carson | MCI,Samba | NFO
Carson | MCI,Kelleher | LIV
Carson | MCI,Ward | LEI
Carson | MCI,De Gea | MUN
Carson | MCI,Raya | BRE
Carson | MCI,Henderson | NFO
Carson | MCI,Ederson | MCI
Carson | MCI,Mendy | CHE
Carson | MCI,Balcombe | BRE
Carson | MCI,Martínez | AVL
Carson | MCI,Forster | TOT
Carson | MCI,Bazunu | SOU
Carson | MCI,Lloris | TOT
Carson | MCI,Meslier | LEE
Carson | MCI,Butland | CRY
Carson | MCI,Steele | BHA
Carson | MCI,Pickford | EVE
Carson | MCI,Sá | WOL
Carson | MCI,Darlow | NEW
Carson | MCI,Schmeichel | LEI
Carson | MCI,Arrizabalaga | CHE
Carson | MCI,Klaesson | LEE
Carson | MCI,Fabianski | WHU
Carson | MCI,Rodák | FUL
Carson | MCI,Travers | BOU
Carson | MCI,Dubravka | NEW
Carson | MCI,Lis | SOU
Carson | MCI,Šarkić | WOL
Carson | MCI,Turner | ARS
Carson | MCI,Pope | NEW
Carson | MCI,Gazzaniga | FUL
Carson | MCI,Matthews | CRY
Carson | MCI,Sánchez | BHA
Carson | MCI,Olsen | AVL
Carson | MCI,Johnstone | CRY
Carson | MCI,Ortega | MCI
Carson | MCI,Heaton | MUN
Carson | MCI,Guaita | CRY
Carson | MCI,Dennis | BOU
Carson | MCI,Caballero | SOU
Carson | MCI,Steffen | MCI
Ortega | MCI,Ramsdale | ARS
Ortega | MCI,Adrián | LIV
Ortega | MCI,McCarthy | SOU
Ortega | MCI,Alisson | LIV
Ortega | MCI,Areola | WHU
Ortega | MCI,Begović | EVE
Ortega | MCI,Leno | ARS
Ortega | MCI,Austin | TOT
Ortega | MCI,Samba | NFO
Ortega | MCI,Kelleher | LIV
Ortega | MCI,Ward | LEI
Ortega | MCI,De Gea | MUN
Ortega | MCI,Raya | BRE
Ortega | MCI,Henderson | NFO
Ortega | MCI,Ederson | MCI
Ortega | MCI,Mendy | CHE
Ortega | MCI,Balcombe | BRE
Ortega | MCI,Martínez | AVL
Ortega | MCI,Forster | TOT
Ortega | MCI,Bazunu | SOU
Ortega | MCI,Lloris | TOT
Ortega | MCI,Meslier | LEE
Ortega | MCI,Butland | CRY
Ortega | MCI,Steele | BHA
Ortega | MCI,Pickford | EVE
Ortega | MCI,Sá | WOL
Ortega | MCI,Darlow | NEW
Ortega | MCI,Schmeichel | LEI
Ortega | MCI,Arrizabalaga | CHE
Ortega | MCI,Klaesson | LEE
Ortega | MCI,Fabianski | WHU
Ortega | MCI,Rodák | FUL
Ortega | MCI,Travers | BOU
Ortega | MCI,Dubravka | NEW
Ortega | MCI,Lis | SOU
Ortega | MCI,Šarkić | WOL
Ortega | MCI,Turner | ARS
Ortega | MCI,Pope | NEW
Ortega | MCI,Gazzaniga | FUL
Ortega | MCI,Matthews | CRY
Ortega | MCI,Sánchez | BHA
Ortega | MCI,Olsen | AVL
Ortega | MCI,Johnstone | CRY
Ortega | MCI,Carson | MCI
Ortega | MCI,Heaton | MUN
Ortega | MCI,Guaita | CRY
Ortega | MCI,Dennis | BOU
Ortega | MCI,Caballero | SOU
Ortega | MCI,Steffen | MCI
Heaton | MUN,Ramsdale | ARS
Heaton | MUN,Adrián | LIV
Heaton | MUN,McCarthy | SOU
Heaton | MUN,Alisson | LIV
Heaton | MUN,Areola | WHU
Heaton | MUN,Begović | EVE
Heaton | MUN,Leno | ARS
Heaton | MUN,Austin | TOT
Heaton | MUN,Samba | NFO
Heaton | MUN,Kelleher | LIV
Heaton | MUN,Ward | LEI
Heaton | MUN,De Gea | MUN
Heaton | MUN,Raya | BRE
Heaton | MUN,Henderson | NFO
Heaton | MUN,Ederson | MCI
Heaton | MUN,Mendy | CHE
Heaton | MUN,Balcombe | BRE
Heaton | MUN,Martínez | AVL
Heaton | MUN,Forster | TOT
Heaton | MUN,Bazunu | SOU
Heaton | MUN,Lloris | TOT
Heaton | MUN,Meslier | LEE
Heaton | MUN,Butland | CRY
Heaton | MUN,Steele | BHA
Heaton | MUN,Pickford | EVE
Heaton | MUN,Sá | WOL
Heaton | MUN,Darlow | NEW
Heaton | MUN,Schmeichel | LEI
Heaton | MUN,Arrizabalaga | CHE
Heaton | MUN,Klaesson | LEE
Heaton | MUN,Fabianski | WHU
Heaton | MUN,Rodák | FUL
Heaton | MUN,Travers | BOU
Heaton | MUN,Dubravka | NEW
Heaton | MUN,Lis | SOU
Heaton | MUN,Šarkić | WOL
Heaton | MUN,Turner | ARS
Heaton | MUN,Pope | NEW
Heaton | MUN,Gazzaniga | FUL
Heaton | MUN,Matthews | CRY
Heaton | MUN,Sánchez | BHA
Heaton | MUN,Olsen | AVL
Heaton | MUN,Johnstone | CRY
Heaton | MUN,Carson | MCI
Heaton | MUN,Ortega | MCI
Heaton | MUN,Guaita | CRY
Heaton | MUN,Dennis | BOU
Heaton | MUN,Caballero | SOU
Heaton | MUN,Steffen | MCI
Guaita | CRY,Ramsdale | ARS
Guaita | CRY,Adrián | LIV
Guaita | CRY,McCarthy | SOU
Guaita | CRY,Alisson | LIV
Guaita | CRY,Areola | WHU
Guaita | CRY,Begović | EVE
Guaita | CRY,Leno | ARS
Guaita | CRY,Austin | TOT
Guaita | CRY,Samba | NFO
Guaita | CRY,Kelleher | LIV
Guaita | CRY,Ward | LEI
Guaita | CRY,De Gea | MUN
Guaita | CRY,Raya | BRE
Guaita | CRY,Henderson | NFO
Guaita | CRY,Ederson | MCI
Guaita | CRY,Mendy | CHE
Guaita | CRY,Balcombe | BRE
Guaita | CRY,Martínez | AVL
Guaita | CRY,Forster | TOT
Guaita | CRY,Bazunu | SOU
Guaita | CRY,Lloris | TOT
Guaita | CRY,Meslier | LEE
Guaita | CRY,Butland | CRY
Guaita | CRY,Steele | BHA
Guaita | CRY,Pickford | EVE
Guaita | CRY,Sá | WOL
Guaita | CRY,Darlow | NEW
Guaita | CRY,Schmeichel | LEI
Guaita | CRY,Arrizabalaga | CHE
Guaita | CRY,Klaesson | LEE
Guaita | CRY,Fabianski | WHU
Guaita | CRY,Rodák | FUL
Guaita | CRY,Travers | BOU
Guaita | CRY,Dubravka | NEW
Guaita | CRY,Lis | SOU
Guaita | CRY,Šarkić | WOL
Guaita | CRY,Turner | ARS
Guaita | CRY,Pope | NEW
Guaita | CRY,Gazzaniga | FUL
Guaita | CRY,Matthews | CRY
Guaita | CRY,Sánchez | BHA
Guaita | CRY,Olsen | AVL
Guaita | CRY,Johnstone | CRY
Guaita | CRY,Carson | MCI
Guaita | CRY,Ortega | MCI
Guaita | CRY,Heaton | MUN
Guaita | CRY,Dennis | BOU
Guaita | CRY,Caballero | SOU
Guaita | CRY,Steffen | MCI
Dennis | BOU,Ramsdale | ARS
Dennis | BOU,Adrián | LIV
Dennis | BOU,McCarthy | SOU
Dennis | BOU,Alisson | LIV
Dennis | BOU,Areola | WHU
Dennis | BOU,Begović | EVE
Dennis | BOU,Leno | ARS
Dennis | BOU,Austin | TOT
Dennis | BOU,Samba | NFO
Dennis | BOU,Kelleher | LIV
Dennis | BOU,Ward | LEI
Dennis | BOU,De Gea | MUN
Dennis | BOU,Raya | BRE
Dennis | BOU,Henderson | NFO
Dennis | BOU,Ederson | MCI
Dennis | BOU,Mendy | CHE
Dennis | BOU,Balcombe | BRE
Dennis | BOU,Martínez | AVL
Dennis | BOU,Forster | TOT
Dennis | BOU,Bazunu | SOU
Dennis | BOU,Lloris | TOT
Dennis | BOU,Meslier | LEE
Dennis | BOU,Butland | CRY
Dennis | BOU,Steele | BHA
Dennis | BOU,Pickford | EVE
Dennis | BOU,Sá | WOL
Dennis | BOU,Darlow | NEW
Dennis | BOU,Schmeichel | LEI
Dennis | BOU,Arrizabalaga | CHE
Dennis | BOU,Klaesson | LEE
Dennis | BOU,Fabianski | WHU
Dennis | BOU,Rodák | FUL
Dennis | BOU,Travers | BOU
Dennis | BOU,Dubravka | NEW
Dennis | BOU,Lis | SOU
Dennis | BOU,Šarkić | WOL
Dennis | BOU,Turner | ARS
Dennis | BOU,Pope | NEW
Dennis | BOU,Gazzaniga | FUL
Dennis | BOU,Matthews | CRY
Dennis | BOU,Sánchez | BHA
Dennis | BOU,Olsen | AVL
Dennis | BOU,Johnstone | CRY
Dennis | BOU,Carson | MCI
Dennis | BOU,Ortega | MCI
Dennis | BOU,Heaton | MUN
Dennis | BOU,Guaita | CRY
Dennis | BOU,Caballero | SOU
Dennis | BOU,Steffen | MCI
Caballero | SOU,Ramsdale | ARS
Caballero | SOU,Adrián | LIV
Caballero | SOU,McCarthy | SOU
Caballero | SOU,Alisson | LIV
Caballero | SOU,Areola | WHU
Caballero | SOU,Begović | EVE
Caballero | SOU,Leno | ARS
Caballero | SOU,Austin | TOT
Caballero | SOU,Samba | NFO
Caballero | SOU,Kelleher | LIV
Caballero | SOU,Ward | LEI
Caballero | SOU,De Gea | MUN
Caballero | SOU,Raya | BRE
Caballero | SOU,Henderson | NFO
Caballero | SOU,Ederson | MCI
Caballero | SOU,Mendy | CHE
Caballero | SOU,Balcombe | BRE
Caballero | SOU,Martínez | AVL
Caballero | SOU,Forster | TOT
Caballero | SOU,Bazunu | SOU
Caballero | SOU,Lloris | TOT
Caballero | SOU,Meslier | LEE
Caballero | SOU,Butland | CRY
Caballero | SOU,Steele | BHA
Caballero | SOU,Pickford | EVE
Caballero | SOU,Sá | WOL
Caballero | SOU,Darlow | NEW
Caballero | SOU,Schmeichel | LEI
Caballero | SOU,Arrizabalaga | CHE
Caballero | SOU,Klaesson | LEE
Caballero | SOU,Fabianski | WHU
Caballero | SOU,Rodák | FUL
Caballero | SOU,Travers | BOU
Caballero | SOU,Dubravka | NEW
Caballero | SOU,Lis | SOU
Caballero | SOU,Šarkić | WOL
Caballero | SOU,Turner | ARS
Caballero | SOU,Pope | NEW
Caballero | SOU,Gazzaniga | FUL
Caballero | SOU,Matthews | CRY
Caballero | SOU,Sánchez | BHA
Caballero | SOU,Olsen | AVL
Caballero | SOU,Johnstone | CRY
Caballero | SOU,Carson | MCI
Caballero | SOU,Ortega | MCI
Caballero | SOU,Heaton | MUN
Caballero | SOU,Guaita | CRY
Caballero | SOU,Dennis | BOU
Caballero | SOU,Steffen | MCI
Steffen | MCI,Ramsdale | ARS
Steffen | MCI,Adrián | LIV
Steffen | MCI,McCarthy | SOU
Steffen | MCI,Alisson | LIV
Steffen | MCI,Areola | WHU
Steffen | MCI,Begović | EVE
Steffen | MCI,Leno | ARS
Steffen | MCI,Austin | TOT
Steffen | MCI,Samba | NFO
Steffen | MCI,Kelleher | LIV
Steffen | MCI,Ward | LEI
Steffen | MCI,De Gea | MUN
Steffen | MCI,Raya | BRE
Steffen | MCI,Henderson | NFO
Steffen | MCI,Ederson | MCI
Steffen | MCI,Mendy | CHE
Steffen | MCI,Balcombe | BRE
Steffen | MCI,Martínez | AVL
Steffen | MCI,Forster | TOT
Steffen | MCI,Bazunu | SOU
Steffen | MCI,Lloris | TOT
Steffen | MCI,Meslier | LEE
Steffen | MCI,Butland | CRY
Steffen | MCI,Steele | BHA
Steffen | MCI,Pickford | EVE
Steffen | MCI,Sá | WOL
Steffen | MCI,Darlow | NEW
Steffen | MCI,Schmeichel | LEI
Steffen | MCI,Arrizabalaga | CHE
Steffen | MCI,Klaesson | LEE
Steffen | MCI,Fabianski | WHU
Steffen | MCI,Rodák | FUL
Steffen | MCI,Travers | BOU
Steffen | MCI,Dubravka | NEW
Steffen | MCI,Lis | SOU
Steffen | MCI,Šarkić | WOL
Steffen | MCI,Turner | ARS
Steffen | MCI,Pope | NEW
Steffen | MCI,Gazzaniga | FUL
Steffen | MCI,Matthews | CRY
Steffen | MCI,Sánchez | BHA
Steffen | MCI,Olsen | AVL
Steffen | MCI,Johnstone | CRY
Steffen | MCI,Carson | MCI
Steffen | MCI,Ortega | MCI
Steffen | MCI,Heaton | MUN
Steffen | MCI,Guaita | CRY
Steffen | MCI,Dennis | BOU
Steffen | MCI,Caballero | SOU
