full_name,team_name,team_strength,position_name,now_cost,short_name,name,position,FPL_ID,Understat_Name
,,,,,,Aaron Connolly,FWD,72,Aaron Connolly
Aaron Cresswell,West Ham,3,Defender,5,WHU,Aaron Cresswell,DEF,411,Aaron Cresswell
,,,,,,Aaron Lennon,MID,575,Aaron Lennon
Aaron Ramsdale,Arsenal,4,Goalkeeper,5,ARS,Aaron Ramsdale,GK,559,Aaron Ramsdale
Aaron Wan-Bissaka,Man Utd,4,Defender,4.5,MUN,Aaron Wan-Bissaka,DEF,288,Aaron Wan-Bissaka
Abdoulaye Doucouré,Everton,3,Midfielder,5.5,EVE,Abdoulaye Doucouré,MID,173,Abdoulaye Doucouré
Adam Armstrong,Southampton,3,Forward,5.5,SOU,Adam Armstrong,FWD,525,Adam Armstrong
Adam Forshaw,Leeds,2,Midfielder,4.5,LEE,Adam Forshaw,MID,552,Adam Forshaw
,,,,,,Adam Idah,FWD,329,Adam Idah
Adam Lallana,Brighton,3,Midfielder,5,BHA,Adam Lallana,MID,53,Adam Lallana
Adam Smith,Bournemouth,2,Defender,4.5,BOU,,,,
,,,,,,Adam Masina,DEF,390,Adam Masina
Adam Webster,Brighton,3,Defender,4.5,BHA,Adam Webster,DEF,61,Adam Webster
Adama Traoré Diarra,Wolves,3,Midfielder,5.5,WOL,Adama Traoré,MID,435,Adama Traoré
,,,,,,Ademola Lookman,MID,587,Ademola Lookman
Adrián San Miguel del Castillo,Liverpool,5,Goalkeeper,4,LIV,Adrián San Miguel del Castillo,GK,223,Adrián
Ainsley Maitland-Niles,Arsenal,4,Midfielder,5,ARS,Ainsley Maitland-Niles,DEF,13,Ainsley Maitland-Niles
Albert Sambi Lokonga,Arsenal,4,Midfielder,4.5,ARS,Albert Sambi Lokonga,MID,478,Albert Sambi Lokonga
,,,,,,Alejandro Garnacho Ferreyra,MID,723,Alejandro Garnacho
Aleksandar Mitrović,Fulham,2,Forward,6.5,FUL,,,,
Alex Iwobi,Everton,3,Midfielder,5.5,EVE,Alex Iwobi,MID,174,Alex Iwobi
,,,,,,Alex Kral,MID,589,Alex Kral
Alex McCarthy,Southampton,3,Goalkeeper,4.5,SOU,Alex McCarthy,GK,334,Alex McCarthy
Alex Mighten,Nott'm Forest,2,Midfielder,5,NFO,,,,
Alex Oxlade-Chamberlain,Liverpool,5,Midfielder,5,LIV,Alex Oxlade-Chamberlain,MID,227,Alex Oxlade-Chamberlain
Alex Telles,Man Utd,4,Defender,5,MUN,Alex Nicolao Telles,DEF,279,Alex Telles
,,,,,,Alexandre Lacazette,FWD,6,Alexandre Lacazette
Alexis Mac Allister,Brighton,3,Midfielder,5.5,BHA,Alexis Mac Allister,MID,74,Alexis Mac Allister
Alfie Devine,Spurs,4,Midfielder,4.5,TOT,,,,
,,,,,,Alireza Jahanbakhsh,MID,66,Alireza Jahanbakhsh
Alisson Ramses Becker,Liverpool,5,Goalkeeper,5.5,LIV,Alisson Ramses Becker,GK,231,Alisson
Allan Marques Loureiro,Everton,3,Midfielder,5,EVE,Allan Marques Loureiro,MID,171,Allan
Allan Saint-Maximin,Newcastle,3,Midfielder,6.5,NEW,Allan Saint-Maximin,FWD,307,Allan Saint-Maximin
Alphonse Areola,West Ham,3,Goalkeeper,4.5,WHU,Alphonse Areola,GK,489,Alphonse Areola
,,,,,,Amad Diallo,MID,636,Amad Diallo Traore
,,,,,,Andi Zeqiri,FWD,535,Andi Zeqiri
André Tavares Gomes,Everton,3,Midfielder,4.5,EVE,André Filipe Tavares Gomes,MID,172,André Gomes
,,,,,,Andre Gray,FWD,383,Andre Gray
,,,,,,Andreas Christensen,DEF,133,Andreas Christensen
Andreas Hoelgebaum Pereira,Man Utd,4,Midfielder,4.5,MUN,Andreas Pereira,MID,511,Andreas Pereira
,,,,,,Andrew Omobamidele,DEF,331,Andrew Omobamidele
Andrew Robertson,Liverpool,5,Defender,7,LIV,Andrew Robertson,DEF,234,Andrew Robertson
,,,,,,Andriy Yarmolenko,MID,412,Andriy Yarmolenko
Andros Townsend,Everton,3,Midfielder,5.5,EVE,Andros Townsend,MID,482,Andros Townsend
Angelo Ogbonna,West Ham,3,Defender,4.5,WHU,Angelo Ogbonna,DEF,409,Angelo Ogbonna
,,,,,,Angus Gunn,GK,448,Angus Gunn
Anthony Elanga,Man Utd,4,Midfielder,5,MUN,Anthony Elanga,MID,512,Anthony Elanga
Anthony Gordon,Everton,3,Midfielder,5.5,EVE,Anthony Gordon,MID,503,Anthony Gordon
Anthony Knockaert,Fulham,2,Midfielder,5,FUL,,,,
Anthony Martial,Man Utd,4,Forward,7,MUN,Anthony Martial,FWD,278,Anthony Martial
Antonee Robinson,Fulham,2,Defender,4.5,FUL,,,,
,,,,,,Antonio Rüdiger,DEF,127,Antonio Rüdiger
Anwar El Ghazi,Aston Villa,3,Midfielder,5,AVL,Anwar El Ghazi,MID,42,Anwar El Ghazi
Armando Broja,Chelsea,4,Forward,5.5,CHE,Armando Broja,FWD,518,Armando Broja
Armel Bella-Kotchap,Southampton,3,Defender,4.5,SOU,,,,
Arthur Masuaku,West Ham,3,Defender,4.5,WHU,Arthur Masuaku,DEF,417,Arthur Masuaku
,,,,,,Ashley Barnes,FWD,105,Ashley Barnes
,,,,,,Ashley Fletcher,FWD,395,Ashley Fletcher
,,,,,,Ashley Westwood,MID,107,Ashley Westwood
,,,,,,Ashley Young,DEF,52,Ashley Young
Asmir Begović,Everton,3,Goalkeeper,4,EVE,Asmir Begovic,#N/A,481,Asmir Begovic
,,,,,,Axel Tuanzebe,DEF,283,Axel Tuanzebe
Aymeric Laporte,Man City,5,Defender,6,MCI,Aymeric Laporte,DEF,259,Aymeric Laporte
Ayoze Pérez,Leicester,3,Midfielder,5,LEI,Ayoze Pérez,MID,211,Ayoze Pérez
Ben Chilwell,Chelsea,4,Defender,6,CHE,Benjamin Chilwell,DEF,135,Ben Chilwell
,,,,,,Bailey Peacock-Farrell,GK,117,Bailey Peacock-Farrell
,,,,,,Bali Mumba,DEF,515,Bali Mumba
,,,,,,Bamidele Alli,MID,363,Dele Alli
Ben Davies,Liverpool,5,Defender,4,LIV,,,,
Ben Davies,Spurs,4,Defender,5,TOT,Ben Davies,DEF,364,Ben Davies
,,,,,,Ben Foster,GK,376,Ben Foster
,,,,,,Ben Gibson,DEF,456,Ben Gibson
Ben Godfrey,Everton,3,Defender,4.5,EVE,Ben Godfrey,DEF,179,Ben Godfrey
Ben Johnson,West Ham,3,Defender,4.5,WHU,Ben Johnson,DEF,425,Ben Johnson
Ben Pearson,Bournemouth,2,Midfielder,4.5,BOU,,,,
,,,,,,Ben Mee,DEF,106,Ben Mee
Benjamin White,Arsenal,4,Defender,4.5,ARS,Ben White,DEF,67,Ben White
,,,,,,Ben Wilmot,DEF,401,Ben Wilmot
,,,,,,Ben Woodburn,MID,553,Ben Woodburn
,,,,,,Benjamin Mendy,DEF,253,Benjamin Mendy
,,,,,,Bernard Anício Caldeira Duarte,MID,167,Bernard
Bernardo Veiga de Carvalho e Silva,Man City,5,Midfielder,7,MCI,Bernardo Mota Veiga de Carvalho e Silva,MID,261,Bernardo Silva
Bernd Leno,Arsenal,4,Goalkeeper,4.5,ARS,Bernd Leno,GK,1,Bernd Leno
Bertrand Traoré,Aston Villa,3,Midfielder,5,AVL,Bertrand Traoré,MID,32,Bertrand Traoré
Billy Gilmour,Chelsea,4,Midfielder,4.5,CHE,Billy Gilmour,MID,145,Billy Gilmour
,,,,,,Björn Engels,DEF,31,Björn Engels
Bobby De Cordova-Reid,Fulham,2,Midfielder,5.5,FUL,,,,
Boubacar Kamara,Aston Villa,3,Midfielder,5,AVL,,,,
Boubakary Soumaré,Leicester,3,Midfielder,4.5,LEI,Boubakary Soumaré,MID,458,Boubakary Soumare
Braian Ojeda Rodríguez,Nott'm Forest,2,Midfielder,4.5,NFO,,,,
Brandon Austin,Spurs,4,Goalkeeper,4,TOT,,,,
Brandon Williams,Man Utd,4,Defender,4,MUN,Brandon Williams,DEF,290,Brandon Williams
Brenden Aaronson,Leeds,2,Midfielder,5.5,LEE,,,,
Brennan Johnson,Nott'm Forest,2,Forward,6,NFO,,,,
Brice Samba,Nott'm Forest,2,Goalkeeper,4.5,NFO,,,,
Bruno Borges Fernandes,Man Utd,4,Midfielder,10,MUN,Bruno Miguel Borges Fernandes,MID,277,Bruno Fernandes
Bruno Guimarães Rodriguez Moura,Newcastle,3,Midfielder,6,NEW,Bruno Guimarães Rodriguez Moura,MID,697,Bruno Guimarães
,,,,,,Bruno André Cavaco Jordão,MID,661,Bruno Jordao
,,,,,,Bryan Gil Salvatierra,MID,487,Bryan Gil Salvatierra
Bryan Mbeumo,Brentford,3,Forward,6,BRE,Bryan Mbeumo,MID,96,Bryan Mbeumo
Bukayo Saka,Arsenal,4,Midfielder,8,ARS,Bukayo Saka,MID,22,Bukayo Saka
Çaglar Söyüncü,Leicester,3,Defender,4.5,LEI,Çaglar Söyüncü,DEF,217,Caglar Söyüncü
Callum Hudson-Odoi,Chelsea,4,Midfielder,5.5,CHE,Callum Hudson-Odoi,MID,140,Callum Hudson-Odoi
Callum Wilson,Newcastle,3,Forward,7.5,NEW,Callum Wilson,FWD,296,Callum Wilson
Calum Chambers,Aston Villa,3,Defender,4.5,AVL,Calum Chambers,DEF,10,Calum Chambers
Calvin Ramsay,Liverpool,5,Defender,4,LIV,,,,
Cameron Archer,Aston Villa,3,Forward,4.5,AVL,Cameron Archer,FWD,568,Cameron Archer
Caoimhin Kelleher,Liverpool,5,Goalkeeper,4,LIV,Caoimhin Kelleher,GK,242,Caoimhin Kelleher
Carlos Ribeiro Dias,Nott'm Forest,2,Midfielder,4.5,NFO,,,,
Carney Chukwuemeka,Aston Villa,3,Midfielder,4.5,AVL,Carney Chukwuemeka,MID,526,Carney Chukwuemeka
Cédric Alves Soares,Arsenal,4,Defender,4.5,ARS,Cédric Soares,DEF,5,Cédric Soares
,,,,,,Cenk Tosun,FWD,622,Cenk Tosun
César Azpilicueta,Chelsea,4,Defender,5,CHE,César Azpilicueta,DEF,119,César Azpilicueta
,,,,,,Charlie Cresswell,DEF,563,Charlie Cresswell
Charlie Goode,Brentford,3,Defender,4,BRE,Charlie Goode,DEF,87,Charlie Goode
,,,,,,Charlie Taylor,DEF,113,Charlie Taylor
Che Adams,Southampton,3,Forward,6.5,SOU,Che Adams,FWD,345,Che Adams
Chris Mepham,Bournemouth,2,Defender,4.5,BOU,,,,
,,,,,,Chem Campbell,MID,548,Chem Campbell
Chris Wood,Newcastle,3,Forward,6,NEW,Chris Wood,FWD,109,Chris Wood
Christian Benteke,Crystal Palace,3,Forward,5.5,CRY,Christian Benteke,FWD,149,Christian Benteke
,,,,,,Christian Eriksen,MID,699,Christian Eriksen
,,,,,,Christian Kabasele,DEF,384,Christian Kabasele
Christian Nørgaard,Brentford,3,Midfielder,5.5,BRE,Christian Nørgaard,MID,77,Christian Nørgaard
Christian Pulisic,Chelsea,4,Midfielder,6,CHE,Christian Pulisic,MID,137,Christian Pulisic
,,,,,,Christoph Zimmermann,DEF,324,Christoph Zimmermann
,,,,,,Christos Tzolis,MID,528,Christos Tzolis
Ciaran Clark,Newcastle,3,Defender,4.5,NEW,Ciaran Clark,DEF,293,Ciaran Clark
,,,,,,Cody Drameh,DEF,562,Cody Drameh
Cole Palmer,Man City,5,Midfielder,4.5,MCI,Cole Palmer,MID,507,Cole Palmer
,,,,,,Connor Roberts,DEF,585,Connor Roberts
Conor Coady,Wolves,3,Defender,5,WOL,Conor Coady,DEF,429,Conor Coady
Conor Gallagher,Chelsea,4,Midfielder,6,CHE,Conor Gallagher,MID,144,Conor Gallagher
,,,,,,Conor Hourihane,MID,29,Conor Hourihane
,,,,,,Conrad Egan-Riley,DEF,651,CJ Egan-Riley
,,,,,,Craig Cathcart,DEF,379,Craig Cathcart
Craig Dawson,West Ham,3,Defender,5,WHU,Craig Dawson,DEF,414,Craig Dawson
Cristian Romero,Spurs,4,Defender,5,TOT,Cristian Romero,DEF,494,Cristian Romero
Cristiano Ronaldo dos Santos Aveiro,Man Utd,4,Forward,10.5,MUN,Cristiano Ronaldo dos Santos Aveiro,FWD,579,Cristiano Ronaldo
Crysencio Summerville,Leeds,2,Midfielder,4.5,LEE,Crysencio Summerville,MID,551,Crysencio Summerville
Curtis Jones,Liverpool,5,Midfielder,5,LIV,Curtis Jones,MID,244,Curtis Jones
,,,,,,Dale Stephens,MID,102,Dale Stephens
Dan Burn,Newcastle,3,Defender,4.5,NEW,Dan Burn,DEF,58,Dan Burn
,,,,,,Dan Gosling,MID,378,Dan Gosling
Dane Scarlett,Spurs,4,Forward,4.5,TOT,Dane Scarlett,FWD,520,Dane Scarlett
Daniel Amartey,Leicester,3,Defender,4.5,LEI,Daniel Amartey,DEF,208,Daniel Amartey
,,,,,,Daniel Bachmann,GK,389,Daniel Bachmann
Daniel Castelo Podence,Wolves,3,Midfielder,5.5,WOL,Daniel Castelo Podence,MID,438,Daniel Podence
,,,,,,Daniel Chesters,MID,710,Daniel Chesters
Daniel James,Leeds,2,Midfielder,6,LEE,Daniel James,MID,287,Daniel James
Danny Ings,Aston Villa,3,Forward,7,AVL,Danny Ings,FWD,337,Danny Ings
,,,,,,Danny Rose,DEF,377,Danny Rose
Danny Ward,Leicester,3,Goalkeeper,4,LEI,Danny Ward,GK,204,Danny Ward
Danny Welbeck,Brighton,3,Forward,6.5,BHA,Danny Welbeck,FWD,447,Danny Welbeck
Darko Gyabi,Leeds,2,Midfielder,4.5,LEE,Darren Randolph,GK,407,Darren Randolph
Darwin Núñez Ribeiro,Liverpool,5,Forward,9,LIV,,,,
David Brooks,Bournemouth,2,Midfielder,5.5,BOU,,,,
David De Gea Quintana,Man Utd,4,Goalkeeper,5,MUN,David de Gea,GK,270,David de Gea
David Raya Martin,Brentford,3,Goalkeeper,4.5,BRE,David Raya Martin,GK,80,David Raya
Davinson Sánchez,Spurs,4,Defender,4.5,TOT,Davinson Sánchez,DEF,367,Davinson Sánchez
,,,,,,Davy Pröpper,MID,57,Davy Pröpper
Dean Henderson,Nott'm Forest,2,Goalkeeper,4.5,NFO,Dean Henderson,GK,280,Dean Henderson
Declan Rice,West Ham,3,Midfielder,5,WHU,Declan Rice,MID,421,Declan Rice
Dejan Kulusevski,Spurs,4,Midfielder,8,TOT,Dejan Kulusevski,MID,701,Dejan Kulusevski
Dele Alli,Everton,3,Midfielder,5.5,EVE,,,,
Demarai Gray,Everton,3,Midfielder,5.5,EVE,Demarai Gray,MID,484,Demarai Gray
Deniz Undav,Brighton,3,Forward,5.5,BHA,,,,
Diego Carlos Santos Silva,Aston Villa,3,Defender,5,AVL,,,,
,,,,,,Dennis Praet,MID,206,Dennis Praet
Diego Llorente,Leeds,2,Defender,4.5,LEE,Diego Llorente,DEF,190,Diego Llorente
Diogo Dalot Teixeira,Man Utd,4,Defender,4.5,MUN,José Diogo Dalot Teixeira,DEF,510,Diogo Dalot
Diogo Teixeira da Silva,Liverpool,5,Forward,9,LIV,Diogo Jota,MID,240,Diogo Jota
,,,,,,Dimitris Giannoulis,DEF,457,Dimitris Giannoulis
,,,,,,Divock Origi,FWD,235,Divock Origi
,,,,,,Domingos Quina,MID,397,Domingos Quina
Dominic Calvert-Lewin,Everton,3,Forward,8,EVE,Dominic Calvert-Lewin,FWD,177,Dominic Calvert-Lewin
Dominic Solanke,Bournemouth,2,Forward,6,BOU,,,,
Dominic Thompson,Brentford,3,Defender,4,BRE,Dominic Thompson,DEF,498,Dominic Thompson
Donny van de Beek,Man Utd,4,Midfielder,5.5,MUN,Donny van de Beek,MID,282,Donny van de Beek
Douglas Luiz Soares de Paulo,Aston Villa,3,Midfielder,5,AVL,Douglas Luiz Soares de Paulo,MID,50,Douglas Luiz
Dwight Gayle,Newcastle,3,Forward,4.5,NEW,Dwight Gayle,FWD,300,Dwight Gayle
,,,,,,Dwight McNeil,MID,118,Dwight McNeil
Eberechi Eze,Crystal Palace,3,Midfielder,5.5,CRY,Eberechi Eze,MID,160,Eberechi Eze
Eddie Nketiah,Arsenal,4,Forward,7,ARS,Edward Nketiah,FWD,20,Eddie Nketiah
Ederson Santana de Moraes,Man City,5,Goalkeeper,5.5,MCI,Ederson Santana de Moraes,GK,257,Ederson
,,,,,,Edinson Cavani,FWD,269,Edinson Cavani
,,,,,,Edo Kayembe,MID,679,Edo Kayembe
Edouard Mendy,Chelsea,4,Goalkeeper,5,CHE,Edouard Mendy,GK,143,Edouard Mendy
Ellery Balcombe,Brentford,3,Goalkeeper,4,BRE,,,,
,,,,,,Eldin Jakupovic,GK,573,Eldin Jakupovic
,,,,,,Elliot Anderson,MID,609,Elliot Anderson
,,,,,,Ellis Simms,FWD,602,Ellis Simms
Emerson Leite de Souza Junior,Spurs,4,Defender,5,TOT,Emerson Aparecido Leite de Souza Junior,DEF,588,Emerson
,,,,,,Emerson Palmieri dos Santos,DEF,539,Emerson
Emil Krafth,Newcastle,3,Defender,4.5,NEW,Emil Krafth,DEF,303,Emil Krafth
Emile Smith Rowe,Arsenal,4,Midfielder,6,ARS,Emile Smith Rowe,MID,21,Emile Smith-Rowe
Emiliano Buendía Stati,Aston Villa,3,Midfielder,6,AVL,Emiliano Buendía Stati,MID,43,Emiliano Buendía
Emiliano Marcondes,Bournemouth,2,Midfielder,5,BOU,,,,
Emiliano Martínez Romero,Aston Villa,3,Goalkeeper,5,AVL,Emiliano Martínez,GK,30,Emiliano Martinez
,,,,,,Emmanuel Dennis,FWD,450,Emmanuel Dennis
Enock Mwepu,Brighton,3,Midfielder,5.5,BHA,Enock Mwepu,MID,462,Enock Mwepu
Eric Bailly,Man Utd,4,Defender,4,MUN,Eric Bailly,DEF,286,Eric Bailly
Eric Dier,Spurs,4,Defender,5,TOT,Eric Dier,DEF,361,Eric Dier
Erling Håland,Man City,5,Forward,11.5,MCI,,,,
,,,,,,Erik Lamela,MID,356,Erik Lamela
,,,,,,Erik Pieters,DEF,100,Erik Pieters
Ethan Ampadu,Chelsea,4,Defender,4.5,CHE,Ethan Ampadu,DEF,139,Ethan Ampadu
Ethan Pinnock,Brentford,3,Defender,4.5,BRE,Ethan Pinnock,DEF,91,Ethan Pinnock
,,,,,,Evan Ferguson,FWD,655,Evan Ferguson
Ezri Konsa Ngoyo,Aston Villa,3,Defender,4.5,AVL,Ezri Konsa Ngoyo,DEF,45,Ezri Konsa Ngoyo
,,,,,,Fabian Delph,MID,163,Fabian Delph
Fabian Schär,Newcastle,3,Defender,4.5,NEW,Fabian Schär,DEF,305,Fabian Schär
Fábio Ferreira Vieira,Arsenal,4,Midfielder,6,ARS,,,,
Fábio Freitas Gouveia Carvalho,Liverpool,5,Midfielder,5.5,LIV,,,,
Fabio Henrique Tavares,Liverpool,5,Midfielder,5.5,LIV,Fabio Henrique Tavares,MID,232,Fabinho
Fabio Silva,Wolves,3,Forward,5.5,WOL,Fabio Silva,FWD,445,Fabio Silva
Facundo Pellistri Rebollo,Man Utd,4,Midfielder,4.5,MUN,,,,
Federico Fernández,Newcastle,3,Defender,4.5,NEW,Federico Fernández,DEF,465,Federico Fernández
,,,,,,Fernando Marçal,DEF,432,Fernando Marçal
,,,,,,Ferran Torres,MID,268,Ferrán Torres
,,,,,,Finley Stevens,DEF,569,Finley Stevens
,,,,,,Florin Andone,FWD,500,Florin Andone
,,,,,,Folarin Balogun,FWD,530,Folarin Balogun
,,,,,,Francisco Casilla Cortés,GK,183,Kiko Casilla
,,,,,,Francisco Femenía Far,DEF,382,Kiko Femenía
Francisco Jorge Tomás Oliveira,Wolves,3,Midfielder,5,WOL,Francisco Jorge Tomás Oliveira,MID,689,Chiquinho
,,,,,,Francisco Machado Mota de Castro Trincão,MID,461,Trincão
,,,,,,Francisco Sierralta,DEF,396,Francisco Sierralta
Frank Onyeka,Brentford,3,Midfielder,5,BRE,Frank Onyeka,MID,479,Frank Onyeka
Fraser Forster,Spurs,4,Goalkeeper,4,TOT,Fraser Forster,GK,333,Fraser Forster
,,,,,,Freddie Woodman,GK,513,Freddie Woodman
Frédéric Guilbert,Aston Villa,3,Defender,4,AVL,Frédéric Guilbert,DEF,46,Frederic Guilbert
Frederico Rodrigues de Paula Santos,Man Utd,4,Midfielder,5.5,MUN,Frederico Rodrigues de Paula Santos,MID,274,Fred
Gabriel dos Santos Magalhães,Arsenal,4,Defender,5,ARS,Gabriel Magalhães,DEF,23,Gabriel
Gabriel Fernando de Jesus,Arsenal,4,Forward,8,ARS,Gabriel Fernando de Jesus,FWD,263,Gabriel Jesus
Gabriel Martinelli Silva,Arsenal,4,Midfielder,6,ARS,Gabriel Teodoro Martinelli Silva,MID,26,Gabriel Martinelli
,,,,,,Giovani Lo Celso,MID,372,Giovani Lo Celso
Gavin Bazunu,Southampton,3,Goalkeeper,4.5,SOU,,,,
Giulian Biancone,Nott'm Forest,2,Defender,4.5,NFO,,,,
Granit Xhaka,Arsenal,4,Midfielder,5,ARS,Granit Xhaka,MID,7,Granit Xhaka
,,,,,,Grant Hanley,DEF,319,Grant Hanley
,,,,,,Gylfi Sigurdsson,MID,164,Gylfi Sigurdsson
Hakim Ziyech,Chelsea,4,Midfielder,6,CHE,Hakim Ziyech,MID,131,Hakim Ziyech
Hamza Choudhury,Leicester,3,Midfielder,4.5,LEI,Hamza Choudhury,MID,214,Hamza Choudhury
,,,,,,Hannibal Mejbri,MID,706,Hannibal Mejbri
,,,,,,Harrison Ashby,DEF,617,Harrison Ashby
Harrison Reed,Fulham,2,Midfielder,4.5,FUL,,,,
Harry Arter,Nott'm Forest,2,Midfielder,4.5,NFO,,,,
Harry Kane,Spurs,4,Forward,11.5,TOT,Harry Kane,FWD,357,Harry Kane
Harry Maguire,Man Utd,4,Defender,5,MUN,Harry Maguire,DEF,273,Harry Maguire
Harry Wilson,Fulham,2,Midfielder,6,FUL,,,,
Harry Winks,Spurs,4,Midfielder,4.5,TOT,Harry Winks,MID,366,Harry Winks
Harvey Barnes,Leicester,3,Midfielder,7,LEI,Harvey Barnes,MID,215,Harvey Barnes
Harvey Elliott,Liverpool,5,Midfielder,5,LIV,Harvey Elliott,MID,506,Harvey Elliott
Harvey White,Spurs,4,Midfielder,4.5,TOT,,,,
Haydon Roberts,Brighton,3,Defender,4,BHA,,,,
Hugo Lloris,Spurs,4,Goalkeeper,5.5,TOT,Hugo Lloris,GK,353,Hugo Lloris
,,,,,,Hassane Kamara,DEF,676,Hassane Kamara
,,,,,,Héctor Bellerín,DEF,9,Héctor Bellerín
Junior Firpo Adames,Leeds,2,Defender,4.5,LEE,Héctor Junior Firpo Adames,DEF,463,Júnior Firpo
Hwang Hee-chan,Wolves,3,Midfielder,6,WOL,Hee-Chan Hwang,FWD,583,Hee-Chan Hwang
,,,,,,Hélder Wander Sousa de Azevedo e Costa,MID,192,Hélder Costa
Son Heung-min,Spurs,4,Midfielder,12,TOT,Heung-Min Son,MID,359,Son Heung-Min
,,,,,,Ian Carlo Poveda-Ocampo,MID,195,Ian Poveda-Ocampo
Ibrahima Diallo,Southampton,3,Midfielder,4.5,SOU,Ibrahima Diallo,MID,349,Ibrahima Diallo
Ibrahima Konaté,Liverpool,5,Defender,5,LIV,Ibrahima Konaté,DEF,243,Ibrahima Konaté
Ilkay Gündogan,Man City,5,Midfielder,7.5,MCI,Ilkay Gündogan,MID,250,Ilkay Gündogan
Illan Meslier,Leeds,2,Goalkeeper,4.5,LEE,Illan Meslier,GK,199,Illan Meslier
Issa Diop,West Ham,3,Defender,4.5,WHU,Issa Diop,DEF,424,Issa Diop
Ivan Neves Abreu Cavaleiro,Fulham,2,Midfielder,5,FUL,,,,
Ivan Perišić,Spurs,4,Defender,5.5,TOT,,,,
,,,,,,Imrân Louza,MID,403,Imran Louza
,,,,,,Isaac Hayden,MID,306,Isaac Hayden
,,,,,,Isaac Price,MID,718,Isaac Price
,,,,,,Ismaila Sarr,MID,399,Ismaila Sarr
Ivan Toney,Brentford,3,Forward,7,BRE,Ivan Toney,FWD,78,Ivan Toney
Jack Butland,Crystal Palace,3,Goalkeeper,4.5,CRY,,,,
,,,,,,Jack Butland,GK,156,Jack Butland
Jack Colback,Nott'm Forest,2,Midfielder,4.5,NFO,,,,
,,,,,,Jack Cork,MID,101,Jack Cork
Jack Grealish,Man City,5,Midfielder,7,MCI,Jack Grealish,MID,33,Jack Grealish
Jack Harrison,Leeds,2,Midfielder,6,LEE,Jack Harrison,MID,267,Jack Harrison
Jack Stacey,Bournemouth,2,Defender,4.5,BOU,,,,
Jack Stephens,Southampton,3,Defender,4.5,SOU,Jack Stephens,DEF,338,Jack Stephens
Jacob Murphy,Newcastle,3,Midfielder,4.5,NEW,Jacob Murphy,MID,304,Jacob Murphy
Jacob Ramsey,Aston Villa,3,Midfielder,5.5,AVL,Jacob Ramsey,MID,51,Jacob Ramsey
,,,,,,Jacob Sørensen,DEF,327,Jacob Sørensen
Jaden Philogene-Bidace,Aston Villa,3,Midfielder,4.5,AVL,Jaden Philogene-Bidace,MID,497,Jaden Philogene-Bidace
Jadon Sancho,Man Utd,4,Midfielder,7.5,MUN,Jadon Sancho,MID,485,Jadon Sancho
Jaidon Anthony,Bournemouth,2,Midfielder,5.5,BOU,,,,
Jairo Riedewald,Crystal Palace,3,Midfielder,4.5,CRY,Jairo Riedewald,MID,157,Jairo Riedewald
Jakub Moder,Brighton,3,Midfielder,4.5,BHA,Jakub Moder,MID,75,Jakub Moder
Jamaal Lascelles,Newcastle,3,Defender,4.5,NEW,Jamaal Lascelles,DEF,299,Jamaal Lascelles
Jamal Lewis,Newcastle,3,Defender,4.5,NEW,Jamal Lewis,DEF,311,Jamal Lewis
Jamal Lowe,Bournemouth,2,Midfielder,5.5,BOU,,,,
James Justin,Leicester,3,Defender,4.5,LEI,James Justin,DEF,218,James Justin
James Maddison,Leicester,3,Midfielder,8,LEI,James Maddison,MID,212,James Maddison
James McArthur,Crystal Palace,3,Midfielder,5,CRY,James McArthur,MID,148,James McArthur
James McAtee,Man City,5,Midfielder,4.5,MCI,James McAtee,MID,629,James McAtee
James Milner,Liverpool,5,Midfielder,4.5,LIV,James Milner,MID,221,James Milner
,,,,,,James Rodríguez,MID,166,James Rodríguez
James Tarkowski,Everton,3,Defender,4.5,EVE,James Tarkowski,DEF,98,James Tarkowski
James Tomkins,Crystal Palace,3,Defender,4,CRY,James Tomkins,DEF,147,James Tomkins
James Ward-Prowse,Southampton,3,Midfielder,6.5,SOU,James Ward-Prowse,MID,341,James Ward-Prowse
Jamie Shackleton,Leeds,2,Midfielder,4.5,LEE,Jamie Shackleton,MID,197,Jamie Shackleton
Jamie Vardy,Leicester,3,Forward,9.5,LEI,Jamie Vardy,FWD,205,Jamie Vardy
Jan Bednarek,Southampton,3,Defender,4.5,SOU,Jan Bednarek,DEF,343,Jan Bednarek
Jannik Vestergaard,Leicester,3,Defender,4,LEI,Jannik Vestergaard,DEF,340,Jannik Vestergaard
Japhet Tanganga,Spurs,4,Defender,4,TOT,Japhet Tanganga,DEF,371,Japhet Tanganga
Jarrad Branthwaite,Everton,3,Defender,4,EVE,Jarrad Branthwaite,DEF,544,Jarrad Branthwaite
Jarrod Bowen,West Ham,3,Midfielder,8.5,WHU,Jarrod Bowen,MID,420,Jarrod Bowen
Jason Steele,Brighton,3,Goalkeeper,4,BHA,Jason Steele,GK,54,Jason Steele
Javier Manquillo Gaitán,Newcastle,3,Defender,4.5,NEW,Javier Manquillo,DEF,302,Javier Manquillo
Jay Stansfield,Fulham,2,Forward,4.5,FUL,,,,
Jean-Philippe Gbamin,Everton,3,Midfielder,4.5,EVE,Jay Rodriguez,FWD,104,Jay Rodriguez
,,,,,,Jean-Philippe Gbamin,MID,504,Jean-Philippe Gbamin
Jean-Philippe Mateta,Crystal Palace,3,Forward,5.5,CRY,Jean-Philippe Mateta,FWD,159,Jean-Philippe Mateta
,,,,,,Jed Steer,GK,28,Jed Steer
Jeff Hendrick,Newcastle,3,Midfielder,4.5,NEW,Jeff Hendrick,MID,297,Jeff Hendrick
Jefferson Lerma Solís,Bournemouth,2,Midfielder,5,BOU,,,,
Jeffrey Schlupp,Crystal Palace,3,Midfielder,5,CRY,Jeffrey Schlupp,MID,155,Jeffrey Schlupp
,,,,,,Jeremy Ngakia,DEF,400,Jeremy Ngakia
Jeremy Sarmiento Morante,Brighton,3,Midfielder,4.5,BHA,Jeremy Sarmiento,MID,612,Jeremy Sarmiento
,,,,,,Jesse Lingard,MID,276,Jesse Lingard
Jesurun Rak-Sakyi,Crystal Palace,3,Midfielder,4.5,CRY,Jesurun Rak-Sakyi,MID,541,Jesurun Rak-Sakyi
Joachim Andersen,Crystal Palace,3,Defender,4.5,CRY,Joachim Andersen,DEF,488,Joachim Andersen
João Cancelo,Man City,5,Defender,7,MCI,João Pedro Cavaco Cancelo,DEF,256,João Cancelo
João Filipe Iria Santos Moutinho,Wolves,3,Midfielder,5,WOL,João Filipe Iria Santos Moutinho,MID,426,João Moutinho
João Palhinha Gonçalves,Fulham,2,Midfielder,5,FUL,,,,
,,,,,,João Pedro Junqueira de Jesus,FWD,404,João Pedro
,,,,,,João Virgínia,GK,181,João Virgínia
Joe Bryan,Fulham,2,Defender,4.5,FUL,,,,
Joe Gelhardt,Leeds,2,Forward,5.5,LEE,Joe Gelhardt,FWD,577,Joe Gelhardt
,,,,,,Joe Hart,GK,352,Joe Hart
Joe Lolley,Nott'm Forest,2,Midfielder,5,NFO,,,,
Joe Rodon,Spurs,4,Defender,4,TOT,Joe Rodon,DEF,374,Joe Rodon
Joe Rothwell,Bournemouth,2,Midfielder,5,BOU,,,,
Joe Willock,Newcastle,3,Midfielder,5,NEW,,,,
Joe Worrall,Nott'm Forest,2,Defender,4.5,NFO,,,,
Joel Matip,Liverpool,5,Defender,6,LIV,Joel Matip,DEF,224,Joel Matip
Joël Veltman,Brighton,3,Defender,4.5,BHA,Joël Veltman,DEF,62,Joël Veltman
Joel Ward,Crystal Palace,3,Defender,4.5,CRY,Joel Ward,DEF,474,Joel Ward
Joelinton Cássio Apolinário de Lira,Newcastle,3,Midfielder,6,NEW,Joelinton Cássio Apolinário de Lira,FWD,310,Joelinton
,,,,,,Johann Berg Gudmundsson,MID,108,Johann Berg Gudmundsson
John McGinn,Aston Villa,3,Midfielder,5.5,AVL,John McGinn,MID,35,John McGinn
,,,,,,John Ruddy,GK,452,John Ruddy
John Stones,Man City,5,Defender,5.5,MCI,John Stones,DEF,252,John Stones
,,,,,,Jonas Lössl,GK,673,Jonas Lössl
Jonathan Castro Otto,Wolves,3,Defender,4.5,WOL,Jonathan Castro Otto,DEF,433,Jonny
Jonathan Panzo,Nott'm Forest,2,Defender,4,NFO,,,,
,,,,,,Jonathan Rowe,MID,648,Jonathan Rowe
Jonjo Shelvey,Newcastle,3,Midfielder,5,NEW,Jonjo Shelvey,MID,291,Jonjo Shelvey
,,,,,,Jonjoe Kenny,DEF,502,Jonjoe Kenny
Jonny Evans,Leicester,3,Defender,4.5,LEI,Jonny Evans,DEF,201,Jonny Evans
Jordan Ayew,Crystal Palace,3,Midfielder,5.5,CRY,Jordan Ayew,FWD,153,Jordan Ayew
Jordan Henderson,Liverpool,5,Midfielder,5.5,LIV,Jordan Henderson,MID,222,Jordan Henderson
,,,,,,Jordan Hugill,FWD,322,Jordan Hugill
Jordan Pickford,Everton,3,Goalkeeper,4.5,EVE,Jordan Pickford,GK,170,Jordan Pickford
Jordan Zemura,Bournemouth,2,Defender,4.5,BOU,,,,
Jorge Luiz Frello Filho,Chelsea,4,Midfielder,6,CHE,Jorge Luiz Frello Filho,MID,123,Jorginho
José Malheiro de Sá,Wolves,3,Goalkeeper,5,WOL,José Malheiro de Sá,GK,475,José Sá
Joseph Gomez,Liverpool,5,Defender,4.5,LIV,Joseph Gomez,DEF,238,Joseph Gomez
Josh Dasilva,Brentford,3,Midfielder,4.5,BRE,Joseph Willock,MID,19,Joe Willock
Josh Onomah,Fulham,2,Midfielder,4.5,FUL,,,,
Josh Wilson-Esbrand,Man City,5,Defender,4,MCI,,,,
Julián Álvarez,Man City,5,Forward,6.5,MCI,,,,
Julio Enciso,Brighton,3,Forward,5,BHA,,,,
Junior Stanislas,Bournemouth,2,Midfielder,5,BOU,,,,
Kacper Kozłowski,Brighton,3,Midfielder,4.5,BHA,,,,
,,,,,,Josh Benson,MID,116,Josh Benson
,,,,,,Josh Brownhill,MID,115,Josh Brownhill
,,,,,,Josh Martin,MID,330,Josh Martin
,,,,,,Joshua King,FWD,468,Joshua King
,,,,,,Joshua Sargent,FWD,516,Joshua Sargent
,,,,,,Juan Camilo Hernández Suárez,FWD,472,Juan Camilo Hernández
,,,,,,Juan Mata,MID,459,Juan Mata
,,,,,,Juraj Kucka,MID,495,Juraj Kucka
,,,,,,Jürgen Locadia,FWD,595,Jürgen Locadia
Kai Havertz,Chelsea,4,Forward,8,CHE,Kai Havertz,MID,141,Kai Havertz
,,,,,,Kaide Gordon,MID,625,Kaide Gordon
Kalvin Phillips,Man City,5,Midfielder,5,MCI,Kalvin Phillips,MID,191,Kalvin Phillips
Kaoru Mitoma,Brighton,3,Midfielder,5,BHA,,,,
Karl Darlow,Newcastle,3,Goalkeeper,4,NEW,Karl Darlow,GK,294,Karl Darlow
,,,,,,Kasey McAteer,MID,647,Kasey McAteer
Kasper Schmeichel,Leicester,3,Goalkeeper,5,LEI,Kasper Schmeichel,GK,200,Kasper Schmeichel
,,,,,,Kayky da Silva Chagas,FWD,663,Kayky
Keinan Davis,Aston Villa,3,Forward,5.5,AVL,Keinan Davis,FWD,49,Keinan Davis
Kelechi Iheanacho,Leicester,3,Forward,6.5,LEI,Kelechi Iheanacho,FWD,213,Kelechi Iheanacho
Kenny Tete,Fulham,2,Defender,4.5,FUL,,,,
,,,,,,Ken Sema,MID,391,Ken Sema
,,,,,,Kenny McLean,MID,318,Kenny McLean
Kepa Arrizabalaga,Chelsea,4,Goalkeeper,4.5,CHE,Kepa Arrizabalaga,GK,129,Kepa
Kevin De Bruyne,Man City,5,Midfielder,12,MCI,Kevin De Bruyne,MID,251,Kevin De Bruyne
Kieffer Moore,Bournemouth,2,Forward,5.5,BOU,,,,
,,,,,,Kevin Long,DEF,103,Kevin Long
,,,,,,Ki-Jana Hoever,DEF,443,Ki-Jana Hoever
,,,,,,Kieran Dowell,MID,323,Kieran Dowell
Kieran Tierney,Arsenal,4,Defender,5,ARS,Kieran Tierney,DEF,16,Kieran Tierney
Kieran Trippier,Newcastle,3,Defender,5,NEW,Kieran Trippier,DEF,678,Kieran Trippier
Kiernan Dewsbury-Hall,Leicester,3,Midfielder,5,LEI,Kiernan Dewsbury-Hall,MID,505,Kiernan Dewsbury-Hall
,,,,,,Konstantinos Mavropanos,DEF,24,Konstantinos Mavropanos
Konstantinos Tsimikas,Liverpool,5,Defender,4.5,LIV,Konstantinos Tsimikas,DEF,245,Konstantinos Tsimikas
Kortney Hause,Aston Villa,3,Defender,4.5,AVL,Kortney Hause,DEF,36,Kortney Hause
Kristoffer Ajer,Brentford,3,Defender,4.5,BRE,Kristoffer Ajer,DEF,483,Kristoffer Ajer
Kristoffer Klaesson,Leeds,2,Goalkeeper,4,LEE,Kristoffer Klaesson,GK,490,Kristoffer Klaesson
Kurt Zouma,West Ham,3,Defender,4.5,WHU,Kurt Zouma,DEF,128,Kurt Zouma
Kyle Walker,Man City,5,Defender,5,MCI,Kyle Walker,DEF,249,Kyle Walker
Kyle Walker-Peters,Southampton,3,Defender,4.5,SOU,Kyle Walker-Peters,DEF,342,Kyle Walker-Peters
Leander Dendoncker,Wolves,3,Midfielder,5,WOL,Leander Dendoncker,MID,434,Leander Dendoncker
Leandro Trossard,Brighton,3,Midfielder,6.5,BHA,Leandro Trossard,MID,64,Leandro Trossard
Leo Fuhr Hjelde,Leeds,2,Defender,4,LEE,Leo Fuhr Hjelde,DEF,608,Leo Fuhr Hjelde
Leon Bailey,Aston Villa,3,Midfielder,5,AVL,Leon Bailey,MID,492,Leon Bailey
Lewis Bate,Leeds,2,Midfielder,4.5,LEE,Lewis Bate,MID,624,Lewis Bate
Lewis Brunt,Leicester,3,Defender,4,LEI,Lewis Brunt,MID,646,Lewis Brunt
,,,,,,,,,
,,,,,,Lewis Dobbin,FWD,607,Lewis Dobbin
Lewis Cook,Bournemouth,2,Midfielder,5,BOU,,,,
Lewis Dunk,Brighton,3,Defender,4.5,BHA,Lewis Dunk,DEF,59,Lewis Dunk
,,,,,,Lewis Richardson,FWD,533,Lewis Richardson
Liam Cooper,Leeds,2,Defender,4.5,LEE,Liam Cooper,DEF,184,Liam Cooper
Liam Delap,Man City,5,Forward,4.5,MCI,Liam Delap,FWD,704,Liam Delap
Lloyd Kelly,Bournemouth,2,Defender,4.5,BOU,,,,
Loïc Mbe Soh,Nott'm Forest,2,Defender,4.5,NFO,,,,
,,,,,,Liam McCarron,MID,576,Liam McCarron
Lucas Digne,Aston Villa,3,Defender,5,AVL,Lucas Digne,DEF,168,Lucas Digne
Lucas Rodrigues Moura da Silva,Spurs,4,Midfielder,6,TOT,Lucas Rodrigues Moura da Silva,MID,362,Lucas Moura
Lucas Torreira di Pascua,Arsenal,4,Midfielder,4.5,ARS,Lucas Torreira,MID,18,Lucas Torreira
Luis Díaz,Liverpool,5,Midfielder,8,LIV,Luis Díaz,MID,696,Luis Díaz
Luka Milivojevic,Crystal Palace,3,Midfielder,4.5,CRY,Luka Milivojevic,MID,152,Luka Milivojevic
,,,,,,Lukas Rupp,MID,317,Lukas Rupp
Lukasz Fabianski,West Ham,3,Goalkeeper,5,WHU,Lukasz Fabianski,GK,408,Lukasz Fabianski
Luke Ayling,Leeds,2,Defender,4.5,LEE,Luke Ayling,DEF,185,Luke Ayling
Luke Cundle,Wolves,3,Midfielder,4.5,WOL,Luke Cundle,MID,547,Luke Cundle
Luke Mbete-Tabu,Man City,5,Defender,4,MCI,,,,
Luke Plange,Crystal Palace,3,Forward,4.5,CRY,,,,
Luke Shaw,Man Utd,4,Defender,5,MUN,Luke Shaw,DEF,275,Luke Shaw
Luke Thomas,Leicester,3,Defender,4.5,LEI,Luke Thomas,DEF,219,Luke Thomas
Lyanco Silveira Neves Vojnovic,Southampton,3,Defender,4.5,SOU,Lyanco Evangelista Silveira Neves Vojnovic,DEF,567,Lyanco
Lyle Taylor,Nott'm Forest,2,Forward,4.5,NFO,,,,
Mads Bech Sørensen,Brentford,3,Defender,4.5,BRE,Mads Bech Sørensen,DEF,90,Mads Bech Sørensen
Mads Bidstrup,Brentford,3,Midfielder,4.5,BRE,Mads Bidstrup,MID,97,Mads Bidstrup
Mads Roerslev Rasmussen,Brentford,3,Defender,4.5,BRE,Mads Roerslev Rasmussen,DEF,89,Mads Roerslev
,,,,,,Mahmoud Ahmed Ibrahim Hassan,MID,37,Trézéguet
Malang Sarr,Chelsea,4,Defender,5,CHE,Malang Sarr,DEF,501,Malang Sarr
Malcolm Ebiowei,Crystal Palace,3,Midfielder,4.5,CRY,,,,
Manuel Lanzini,West Ham,3,Midfielder,5.5,WHU,Manuel Lanzini,MID,416,Manuel Lanzini
Marc Albrighton,Leicester,3,Midfielder,5,LEI,Marc Albrighton,MID,202,Marc Albrighton
Marc Cucurella Saseta,Brighton,3,Defender,5,BHA,Marc Cucurella,DEF,584,Marc Cucurella
Marc Guéhi,Crystal Palace,3,Defender,4.5,CRY,Marc Guéhi,DEF,477,Marc Guehi
Marc Roca Junqué,Leeds,2,Midfielder,5,LEE,,,,
,,,,,,Marc Navarro,DEF,398,Marc Navarro
,,,,,,Marco Stiepermann,MID,316,Marco Stiepermann
Marcos Alonso,Chelsea,4,Defender,5.5,CHE,Marcos Alonso,DEF,122,Marcos Alonso
,,,,,,Marcus Bettinelli,GK,606,Marcus Bettinelli
Marcus Forss,Brentford,3,Forward,4.5,BRE,Marcus Forss,FWD,88,Marcus Forss
Marcus Oliveira Alencar,Arsenal,4,Midfielder,5,ARS,,,,
Marcus Rashford,Man Utd,4,Midfielder,6.5,MUN,Marcus Rashford,MID,281,Marcus Rashford
,,,,,,Mark Noble,MID,406,Mark Noble
Marek Rodák,Fulham,2,Goalkeeper,4.5,FUL,,,,
Mark Travers,Bournemouth,2,Goalkeeper,4.5,BOU,,,,
Martin Dubravka,Newcastle,3,Goalkeeper,4.5,NEW,Martin Dubravka,GK,295,Martin Dubravka
,,,,,,Martin Kelly,DEF,151,Martin Kelly
Martin Ødegaard,Arsenal,4,Midfielder,6.5,ARS,Martin Ødegaard,MID,558,Martin Odegaard
Marvelous Nakamba,Aston Villa,3,Midfielder,4.5,AVL,Marvelous Nakamba,MID,41,Marvelous Nakamba
,,,,,,Mason Greenwood,MID,289,Mason Greenwood
Mason Holgate,Everton,3,Defender,4.5,EVE,Mason Holgate,DEF,178,Mason Holgate
Mason Mount,Chelsea,4,Midfielder,8,CHE,Mason Mount,MID,138,Mason Mount
,,,,,,Matej Vydra,FWD,111,Matej Vydra
Mateo Kovacic,Chelsea,4,Midfielder,5,CHE,Mateo Kovacic,MID,125,Mateo Kovacic
Mateusz Klich,Leeds,2,Midfielder,5,LEE,Mateusz Klich,MID,186,Mateusz Klich
Mateusz Lis,Southampton,3,Goalkeeper,4,SOU,,,,
Mathias Jensen,Brentford,3,Midfielder,5,BRE,Mathias Jensen,MID,86,Mathias Jensen
,,,,,,Mathias Jorgensen,DEF,594,Zanka
,,,,,,Mathias Normann,MID,581,Mathias Normann
Matija Šarkić,Wolves,3,Goalkeeper,4,WOL,,,,
Matt Doherty,Spurs,4,Defender,5,TOT,Matt Doherty,DEF,360,Matt Doherty
Matt Ritchie,Newcastle,3,Defender,4.5,NEW,Matt Ritchie,MID,292,Matt Ritchie
Matt Targett,Newcastle,3,Defender,5,NEW,Matt Targett,DEF,39,Matt Targett
Matt Turner,Arsenal,4,Goalkeeper,4,ARS,,,,
,,,,,,Mattéo Guendouzi,MID,25,Matteo Guendouzi
Matty Cash,Aston Villa,3,Defender,5,AVL,Matthew Cash,DEF,44,Matthew Cash
,,,,,,Matthew Longstaff,MID,312,Matthew Longstaff
,,,,,,Matthew Lowton,DEF,110,Matthew Lowton
,,,,,,Max Aarons,DEF,326,Max Aarons
Max Kilman,Wolves,3,Defender,4.5,WOL,Max Kilman,DEF,439,Max Kilman
,,,,,,Maxwel Cornet,MID,578,Maxwel Cornet
,,,,,,Mbwana Ally Samatta,FWD,48,Mbwana Samatta
Michael Keane,Everton,3,Defender,4.5,EVE,Michael Keane,DEF,169,Michael Keane
,,,,,,Michael McGovern,GK,313,Michael McGovern
,,,,,,Michael Obafemi,FWD,348,Michael Obafemi
Michael Olise,Crystal Palace,3,Midfielder,5.5,CRY,Michael Olise,MID,464,Michael Olise
Michail Antonio,West Ham,3,Forward,7.5,WHU,Michail Antonio,FWD,413,Michail Antonio
,,,,,,Michy Batshuayi,FWD,126,Michy Batshuayi
Miguel Almirón Rejala,Newcastle,3,Midfielder,5,NEW,Miguel Almirón,MID,308,Miguel Almirón
Mohamed Dräger,Nott'm Forest,2,Defender,4,NFO,,,,
Mohamed Elneny,Arsenal,4,Midfielder,4.5,ARS,Mohamed Naser El Sayed Elneny,MID,12,Mohamed Elneny
,,,,,,Milot Rashica,MID,449,Milot Rashica
Mohamed Elyounoussi,Southampton,3,Midfielder,5.5,SOU,Mohamed Elyounoussi,MID,517,Mohamed Elyounoussi
Mohamed Salah,Liverpool,5,Midfielder,13,LIV,Mohamed Salah,MID,233,Mohamed Salah
Mohammed Salisu,Southampton,3,Defender,4.5,SOU,Mohammed Salisu,DEF,351,Mohammed Salisu
,,,,,,Moise Kean,FWD,564,Moise Kean
Moisés Caicedo Corozo,Brighton,3,Midfielder,5,BHA,Moisés Caicedo,MID,538,Moisés Caicedo
Morgan Gibbs-White,Wolves,3,Midfielder,5.5,WOL,Morgan Gibbs-White,MID,440,Morgan Gibbs-White
Morgan Sanson,Aston Villa,3,Midfielder,4.5,AVL,Morgan Sanson,MID,34,Morgan Sanson
Moussa Djenepo,Southampton,3,Midfielder,5,SOU,Moussa Djenepo,MID,350,Moussa Djenepo
Moussa Niakhaté,Nott'm Forest,2,Defender,4.5,NFO,,,,
,,,,,,Moussa Sissoko,MID,354,Moussa Sissoko
N'Golo Kanté,Chelsea,4,Midfielder,5,CHE,N'Golo Kanté,MID,130,N&#039;Golo Kanté
Naby Keita,Liverpool,5,Midfielder,5,LIV,Naby Keita,MID,239,Naby Keita
Nampalys Mendy,Leicester,3,Midfielder,4.5,LEI,Nampalys Mendy,MID,203,Nampalys Mendy
Nathan Aké,Man City,5,Defender,5,MCI,Nathan Aké,DEF,258,Nathan Aké
,,,,,,Nathan Collins,DEF,451,Nathan Collins
Nathan Ferguson,Crystal Palace,3,Defender,4,CRY,Nathan Ferguson,DEF,161,Nathan Ferguson
Nathan Patterson,Everton,3,Defender,4,EVE,,,,
Nathan Redmond,Southampton,3,Midfielder,5.5,SOU,Nathan Redmond,MID,336,Nathan Redmond
Nathan Tella,Southampton,3,Midfielder,5,SOU,Nathan Tella,MID,346,Nathan Tella
,,,,,,Nathan Young-Coombes,FWD,640,Nathan Young-Coombes
Nathaniel Chalobah,Fulham,2,Midfielder,4.5,FUL,Nathaniel Chalobah,MID,385,Nathaniel Chalobah
Nathaniel Clyne,Crystal Palace,3,Defender,4.5,CRY,Nathaniel Clyne,DEF,493,Nathaniel Clyne
Nathaniel Phillips,Liverpool,5,Defender,4,LIV,Nathaniel Phillips,DEF,241,Nathaniel Phillips
Nayef Aguerd,West Ham,3,Defender,5,WHU,,,,
Neal Maupay,Brighton,3,Forward,6.5,BHA,Neal Maupay,FWD,63,Neal Maupay
Neco Williams,Liverpool,5,Defender,4,LIV,Neco Williams,DEF,246,Neco Williams
Neeskens Kebano,Fulham,2,Midfielder,5.5,FUL,,,,
Nélson Cabral Semedo,Wolves,3,Defender,5,WOL,Nélson Cabral Semedo,DEF,437,Nélson Semedo
,,,,,,Nemanja Matic,MID,271,Nemanja Matic
Nick Pope,Newcastle,3,Goalkeeper,5,NEW,Nick Pope,GK,112,Nick Pope
,,,,,,Nicolas Nkoulou,DEF,618,Nicolas N'Koulou
Nicolas Pépé,Arsenal,4,Midfielder,5.5,ARS,Nicolas Pépé,MID,17,Nicolas Pepe
Niels Nkounkou,Everton,3,Defender,4,EVE,Niels Nkounkou,DEF,570,Niels Nkounkou
Nikola Vlasic,West Ham,3,Midfielder,5,WHU,Nikola Vlasic,MID,582,Nikola Vlasic
Nuno Varela Tavares,Arsenal,4,Defender,4.5,ARS,Nuno Varela Tavares,DEF,466,Nuno Tavares
Odsonne Edouard,Crystal Palace,3,Forward,5.5,CRY,Odsonne Edouard,FWD,586,Odsonne Edouard
,,,,,,Oghenekaro Peter Etebo,MID,467,Oghenekaro Etebo
Oleksandr Zinchenko,Man City,5,Defender,5,MCI,Oleksandr Zinchenko,DEF,264,Oleksandr Zinchenko
Oliver Skipp,Spurs,4,Midfielder,4.5,TOT,Oliver Skipp,MID,373,Oliver Skipp
,,,,,,Olivier Giroud,FWD,120,Olivier Giroud
Ollie Watkins,Aston Villa,3,Forward,7.5,AVL,Ollie Watkins,FWD,40,Ollie Watkins
,,,,,,Onel Hernández,MID,320,Onel Hernández
Oriol Romeu Vidal,Southampton,3,Midfielder,5,SOU,Oriol Romeu Vidal,MID,335,Oriol Romeu
,,,,,,Owen Otasowie,MID,442,Owen Otasowie
,,,,,,Ozan Kabak,DEF,580,Ozan Kabak
,,,,,,Ozan Tufan,MID,557,Ozan Tufan
Pablo Fornals Malla,West Ham,3,Midfielder,5.5,WHU,Pablo Fornals,MID,423,Pablo Fornals
,,,,,,Pablo Hernández Domínguez,MID,182,Pablo Hernández
Pablo Marí Villar,Arsenal,4,Defender,4.5,ARS,Pablo Marí,DEF,8,Pablo Marí
Pape Matar Sarr,Spurs,4,Midfielder,4.5,TOT,,,,
Pascal Groß,Brighton,3,Midfielder,5.5,BHA,Pascal Groß,MID,55,Pascal Groß
Pascal Struijk,Leeds,2,Defender,4.5,LEE,Pascal Struijk,DEF,198,Pascal Struijk
Patrick Bamford,Leeds,2,Forward,7.5,LEE,Patrick Bamford,FWD,189,Patrick Bamford
,,,,,,Patrick Cutrone,FWD,523,Patrick Cutrone
Patson Daka,Leicester,3,Forward,6,LEI,Patson Daka,FWD,455,Patson Daka
Paul Dummett,Newcastle,3,Defender,4,NEW,Paul Dummett,DEF,301,Paul Dummett
Paulo Gazzaniga Farias,Fulham,2,Goalkeeper,4,FUL,,,,
,,,,,,Paul Pogba,MID,272,Paul Pogba
Pedro Lomba Neto,Wolves,3,Midfielder,5.5,WOL,Pedro Lomba Neto,MID,441,Pedro Neto
,,,,,,Pelenda Joshua Dasilva,MID,82,Josh Dasilva
,,,,,,Phil Bardsley,DEF,99,Phil Bardsley
Phil Foden,Man City,5,Midfielder,8,MCI,Phil Foden,MID,265,Phil Foden
Phil Jones,Man Utd,4,Defender,4,MUN,Phil Jones,DEF,632,Phil Jones
Philip Billing,Bournemouth,2,Midfielder,5.5,BOU,,,,
Philippe Coutinho Correia,Aston Villa,3,Midfielder,7,AVL,Philippe Coutinho Correia,MID,681,Philippe Coutinho
,,,,,,Pierluigi Gollini,GK,486,Pierluigi Gollini
,,,,,,Pierre Lees-Melou,MID,471,Pierre Lees-Melou
Pierre-Emile Højbjerg,Spurs,4,Midfielder,5.5,TOT,Pierre-Emile Højbjerg,MID,365,Pierre-Emile Højbjerg
Pontus Jansson,Brentford,3,Defender,4.5,BRE,Pontus Jansson,DEF,76,Pontus Jansson
,,,,,,Przemyslaw Placheta,MID,328,Przemyslaw Placheta
Raheem Sterling,Man City,5,Midfielder,10,MCI,Raheem Sterling,MID,255,Raheem Sterling
Raphael Dias Belloli,Leeds,2,Midfielder,7,LEE,Raphael Dias Belloli,MID,196,Raphinha
Raphaël Varane,Man Utd,4,Defender,5,MUN,Raphaël Varane,DEF,555,Raphael Varane
Rasmus Kristensen,Leeds,2,Defender,5,LEE,,,,
Raúl Jiménez,Wolves,3,Forward,7,WOL,Raúl Jiménez,FWD,430,Raúl Jiménez
Rayan Aït-Nouri,Wolves,3,Defender,4.5,WOL,Rayan Ait Nouri,DEF,470,Rayan Ait Nouri
Reece James,Chelsea,4,Defender,6,CHE,Reece James,DEF,142,Reece James
Reiss Nelson,Arsenal,4,Midfielder,5,ARS,Reiss Nelson,MID,531,Reiss Nelson
Remi Matthews,Crystal Palace,3,Goalkeeper,4,CRY,,,,
Rhys Williams,Liverpool,5,Defender,4,LIV,Rhys Williams,DEF,247,Rhys Williams
Ricardo Barbosa Pereira,Leicester,3,Defender,4.5,LEI,Ricardo Domingos Barbosa Pereira,DEF,207,Ricardo Pereira
Richarlison de Andrade,Spurs,4,Forward,8.5,TOT,Richarlison de Andrade,FWD,180,Richarlison
Richie Laryea,Nott'm Forest,2,Defender,4.5,NFO,,,,
Rico Henry,Brentford,3,Defender,4.5,BRE,Rico Henry,DEF,83,Rico Henry
Riyad Mahrez,Man City,5,Midfielder,8,MCI,Riyad Mahrez,MID,254,Riyad Mahrez
Rob Holding,Arsenal,4,Defender,4.5,ARS,Rob Holding,DEF,14,Rob Holding
,,,,,,Robert Elliot,GK,574,Robert Elliot
Robert Kenedy Nunes do Nascimento,Chelsea,4,Defender,4,CHE,Robert Kenedy Nunes do Nascimento,DEF,690,Kenedy
Robert Sánchez,Brighton,3,Goalkeeper,4.5,BHA,Robert Sánchez,GK,69,Robert Sánchez
Roberto Firmino,Liverpool,5,Forward,8,LIV,Roberto Firmino,FWD,228,Roberto Firmino
Robin Koch,Leeds,2,Defender,4.5,LEE,Robin Koch,DEF,194,Robin Koch
Robin Olsen,Aston Villa,3,Goalkeeper,4,AVL,Robin Olsen,GK,691,Robin Olsen
Rodrigo Bentancur,Spurs,4,Midfielder,5.5,TOT,Rodrigo Bentancur,MID,702,Rodrigo Bentancur
Rodrigo Hernandez,Man City,5,Midfielder,6,MCI,Rodrigo Hernandez,MID,266,Rodri
Rodrigo Moreno,Leeds,2,Midfielder,6,LEE,Rodrigo Moreno,FWD,187,Rodrigo
Rodrigo Muniz Carvalho,Fulham,2,Forward,5.5,FUL,,,,
Romain Perraud,Southampton,3,Defender,4.5,SOU,Romain Perraud,DEF,460,Romain Perraud
Roméo Lavia,Southampton,3,Midfielder,4.5,SOU,,,,
,,,,,,Romain Saïss,DEF,431,Romain Saiss
,,,,,,Romelu Lukaku,FWD,529,Romelu Lukaku
Ross Barkley,Chelsea,4,Midfielder,5,CHE,Ross Barkley,MID,124,Ross Barkley
Rúben da Silva Neves,Wolves,3,Midfielder,5.5,WOL,Rúben Diogo da Silva Neves,MID,436,Rúben Neves
Rúben Gato Alves Dias,Man City,5,Defender,6,MCI,,,,
Ruben Loftus-Cheek,Chelsea,4,Midfielder,5,CHE,Ruben Loftus-Cheek,MID,132,Ruben Loftus-Cheek
,,,,,,Rúben Santos Gato Alves Dias,DEF,262,Rúben Dias
,,,,,,Rui Pedro dos Santos Patrício,GK,427,Rui Patrício
,,,,,,Rúnar Alex Rúnarsson,GK,2,Rúnar Alex Rúnarsson
Ryan Bertrand,Leicester,3,Defender,4,LEI,Ryan Bertrand,DEF,473,Ryan Bertrand
Ryan Christie,Bournemouth,2,Midfielder,5.5,BOU,,,,
Ryan Fraser,Newcastle,3,Midfielder,5.5,NEW,Ryan Fraser,MID,298,Ryan Fraser
Ryan Fredericks,Bournemouth,2,Defender,4.5,BOU,Ryan Fredericks,DEF,415,Ryan Fredericks
Ryan Sessegnon,Spurs,4,Defender,4.5,TOT,Ryan Sessegnon,DEF,368,Ryan Sessegnon
Ryan Yates,Nott'm Forest,2,Midfielder,5,NFO,,,,
,,,,,,Sadio Mané,MID,230,Sadio Mané
Saïd Benrahma,West Ham,3,Midfielder,6,WHU,Saïd Benrahma,MID,419,Said Benrahma
Salomón Rondón,Everton,3,Forward,5,EVE,Salomón Rondón,FWD,591,Salomón Rondón
,,,,,,Sam Byram,DEF,321,Sam Byram
Sam Greenwood,Leeds,2,Forward,4.5,LEE,Sam Greenwood,FWD,550,Sam Greenwood
Sam Johnstone,Crystal Palace,3,Goalkeeper,4.5,CRY,,,,
Sam Surridge,Nott'm Forest,2,Forward,5,NFO,,,,
Saman Ghoddos,Brentford,3,Midfielder,5,BRE,Saman Ghoddos,MID,85,Saman Ghoddos
,,,,,,Samir Caetano de Souza Santos,DEF,677,Samir
,,,,,,Samuel Kalu,MID,698,Samuel Kalu
,,,,,,Saúl Ñíguez,MID,592,Saúl Ñíguez
Scott Carson,Man City,5,Goalkeeper,4,MCI,Scott Carson,GK,593,Scott Carson
Scott McKenna,Nott'm Forest,2,Defender,4.5,NFO,,,,
Scott McTominay,Man Utd,4,Midfielder,5,MUN,Scott McTominay,MID,285,Scott McTominay
,,,,,,Sead Kolasinac,DEF,11,Sead Kolasinac
Seamus Coleman,Everton,3,Defender,4.5,EVE,Seamus Coleman,DEF,165,Seamus Coleman
Sean Longstaff,Newcastle,3,Midfielder,4.5,NEW,Sean Longstaff,MID,309,Sean Longstaff
Sepp van den Berg,Liverpool,5,Defender,4,LIV,,,,
,,,,,,Serge Aurier,DEF,358,Serge Aurier
Sergi Canós Tenés,Brentford,3,Defender,5,BRE,Sergi Canós,MID,81,Sergi Canos
Sergio Reguilón,Spurs,4,Defender,4.5,TOT,Sergio Reguilón,DEF,370,Sergio Reguilón
Shandon Baptiste,Brentford,3,Midfielder,4.5,BRE,Shandon Baptiste,MID,499,Shandon Baptiste
Shane Duffy,Brighton,3,Defender,4.5,BHA,Shane Duffy,DEF,56,Shane Duffy
Siriki Dembélé,Bournemouth,2,Midfielder,5,BOU,,,,
,,,,,,Shane Long,FWD,519,Shane Long
Solly March,Brighton,3,Midfielder,5,BHA,Shola Shoretire,MID,727,Shola Shoretire
Stefan Ortega Moreno,Man City,5,Goalkeeper,4,MCI,,,,
Steve Cook,Nott'm Forest,2,Defender,4.5,NFO,,,,
,,,,,,Solomon March,MID,60,Solly March
,,,,,,Sonny Perkins,MID,634,Sonny Perkins
Steven Alzate,Brighton,3,Midfielder,4.5,BHA,Steven Alzate,MID,73,Steven Alzate
Steven Bergwijn,Spurs,4,Midfielder,5.5,TOT,Steven Bergwijn,MID,369,Steven Bergwijn
,,,,,,Stipe Perica,FWD,388,Stipe Perica
Stuart Armstrong,Southampton,3,Midfielder,5,SOU,Stuart Armstrong,MID,339,Stuart Armstrong
Stuart Dallas,Leeds,2,Defender,5,LEE,Stuart Dallas,MID,188,Stuart Dallas
Sven Botman,Newcastle,3,Defender,4.5,NEW,,,,
,,,,,,Stuart McKinstry,MID,601,Stuart McKinstry
Taiwo Awoniyi,Nott'm Forest,2,Forward,6,NFO,,,,
Takehiro Tomiyasu,Arsenal,4,Defender,4.5,ARS,Takehiro Tomiyasu,DEF,590,Takehiro Tomiyasu
,,,,,,Takumi Minamino,MID,236,Takumi Minamino
,,,,,,Tammy Abraham,FWD,136,Tammy Abraham
,,,,,,Tanguy Ndombele,MID,375,Tanguy NDombele Alvaro
Tariq Lamptey,Brighton,3,Defender,4.5,BHA,Tariq Lamptey,DEF,71,Tariq Lamptey
,,,,,,Tariqe Fosu-Henry,MID,79,Tariqe Fosu-Henry
Taylor Richards,Brighton,3,Midfielder,4.5,BHA,Taylor Richards,MID,537,Taylor Richards
,,,,,,Teemu Pukki,FWD,315,Teemu Pukki
Terence Kongolo,Fulham,2,Defender,4,FUL,,,,
Theo Walcott,Southampton,3,Midfielder,5,SOU,Theo Walcott,MID,332,Theo Walcott
Thiago Alcántara do Nascimento,Liverpool,5,Midfielder,5.5,LIV,Thiago Alcántara do Nascimento,MID,225,Thiago Alcántara
Thiago Emiliano da Silva,Chelsea,4,Defender,5.5,CHE,Thiago Emiliano da Silva,DEF,121,Thiago Silva
Thomas Partey,Arsenal,4,Midfielder,5,ARS,Thomas Partey,MID,15,Thomas Partey
Tim Iroegbunam,Aston Villa,3,Midfielder,4.5,AVL,Tim Iroegbunam,MID,638,Tim Iroegbunam
Tim Ream,Fulham,2,Defender,4.5,FUL,,,,
,,,,,,Tim Krul,GK,314,Tim Krul
Timo Werner,Chelsea,4,Forward,8,CHE,Timo Werner,FWD,134,Timo Werner
Timothy Castagne,Leicester,3,Defender,4.5,LEI,Timothy Castagne,DEF,209,Timothy Castagne
Tino Livramento,Southampton,3,Defender,4.5,SOU,Tino Livramento,DEF,491,Valentino Livramento
,,,,,,Toby Alderweireld,DEF,355,Toby Alderweireld
,,,,,,Todd Cantwell,MID,325,Todd Cantwell
,,,,,,Tom Cleverley,MID,381,Tom Cleverley
Tom Cairney,Fulham,2,Midfielder,5,FUL,,,,
Tom Davies,Everton,3,Midfielder,5,EVE,Tom Davies,MID,176,Tom Davies
Tom Heaton,Man Utd,4,Goalkeeper,4,MUN,,,,
Tomas Soucek,West Ham,3,Midfielder,5.5,WHU,Tomas Soucek,MID,422,Tomas Soucek
Tosin Adarabioyo,Fulham,2,Defender,4.5,FUL,,,,
,,,,,,Tommy Doyle,MID,566,Tommy Doyle
,,,,,,Tony Springett,MID,716,Tony Springett
Toti António Gomes,Wolves,3,Defender,4,WOL,Toti António Gomes,DEF,685,Toti
Trent Alexander-Arnold,Liverpool,5,Defender,7.5,LIV,Trent Alexander-Arnold,DEF,237,Trent Alexander-Arnold
Trevoh Chalobah,Chelsea,4,Defender,5,CHE,Trevoh Chalobah,DEF,527,Trevoh Chalobah
Troy Parrott,Spurs,4,Forward,4.5,TOT,,,,
Tyler Adams,Leeds,2,Midfielder,5,LEE,,,,
,,,,,,Troy Deeney,FWD,380,Troy Deeney
,,,,,,Tyler Morton,MID,620,Tyler Morton
,,,,,,Tyler Onyango,MID,630,Tyler Onyango
Tyler Roberts,Leeds,2,Midfielder,5,LEE,Tyler Roberts,MID,193,Tyler Roberts
Tyrell Malacia,Man Utd,4,Defender,4.5,MUN,,,,
Tyrick Mitchell,Crystal Palace,3,Defender,4.5,CRY,Tyrick Mitchell,DEF,162,Tyrick Mitchell
Tyrone Mings,Aston Villa,3,Defender,4.5,AVL,Tyrone Mings,DEF,38,Tyrone Mings
Vicente Guaita,Crystal Palace,3,Goalkeeper,4.5,CRY,Vicente Guaita,GK,146,Vicente Guaita
Victor Lindelöf,Man Utd,4,Defender,4.5,MUN,Victor Lindelöf,DEF,284,Victor Lindelöf
Virgil van Dijk,Liverpool,5,Defender,6.5,LIV,Virgil van Dijk,DEF,229,Virgil van Dijk
Vitalii Mykolenko,Everton,3,Defender,4.5,EVE,Vitalii Mykolenko,DEF,675,Vitalii Mykolenko
Vitaly Janelt,Brentford,3,Midfielder,5.5,BRE,Vitaly Janelt,MID,84,Vitaly Janelt
Vladimir Coufal,West Ham,3,Defender,4.5,WHU,Vladimir Coufal,DEF,418,Vladimir Coufal
,,,,,,Wayne Hennessey,GK,480,Wayne Hennessey
Wesley Fofana,Leicester,3,Defender,4.5,LEI,Wesley Fofana,DEF,220,Wesley Fofana
,,,,,,Wesley Moraes,FWD,47,Wesley
Wilfred Ndidi,Leicester,3,Midfielder,5,LEI,Wilfred Ndidi,MID,216,Wilfred Ndidi
Wilfried Zaha,Crystal Palace,3,Midfielder,7,CRY,Wilfried Zaha,MID,154,Wilfried Zaha
Will Dennis,Bournemouth,2,Goalkeeper,4,BOU,,,,
Will Hughes,Crystal Palace,3,Midfielder,5,CRY,Will Hughes,MID,386,Will Hughes
Will Smallbone,Southampton,3,Midfielder,4.5,SOU,,,,
,,,,,,Will Norris,GK,114,Will Norris
William Saliba,Arsenal,4,Defender,4.5,ARS,William Saliba,DEF,27,William Saliba
,,,,,,William Smallbone,MID,347,William Smallbone
,,,,,,William Troost-Ekong,DEF,387,William Troost-Ekong
Willy Boly,Wolves,3,Defender,4.5,WOL,Willy Boly,DEF,428,Willy Boly
Willy Caballero,Southampton,3,Goalkeeper,4,SOU,Willy Caballero,GK,641,Willy Caballero
Xande Nascimento da Costa Silva,Nott'm Forest,2,Midfielder,5,NFO,,,,
,,,,,,Winston Reid,DEF,410,Winston Reid
,,,,,,Wout Weghorst,FWD,700,Wout Weghorst
,,,,,,Xherdan Shaqiri,MID,226,Xherdan Shaqiri
Yan Valery,Southampton,3,Defender,4,SOU,Yan Valery,DEF,546,Yan Valery
Yerry Mina,Everton,3,Defender,4.5,EVE,Yerry Mina,DEF,175,Yerry Mina
Yerson Mosquera Valdelamar,Wolves,3,Defender,4,WOL,,,,
Yoane Wissa,Brentford,3,Midfielder,5.5,BRE,Yoane Wissa,MID,524,Yoane Wissa
Youri Tielemans,Leicester,3,Midfielder,6.5,LEI,Youri Tielemans,MID,210,Youri Tielemans
Yves Bissouma,Spurs,4,Midfielder,5,TOT,Yves Bissouma,MID,70,Yves Bissouma
Zack Steffen,Man City,5,Goalkeeper,4,MCI,Zack Steffen,GK,260,Zack Steffen